wall_epoch,index,pcie.link.gen.current,pcie.link.gen.max,pcie.link.width.current,pcie.link.width.max,temperature.gpu,utilization.gpu,utilization.memory,memory.used,power.draw,clocks.current.sm,clocks.current.memory
1781659692.367,1,3,3,4,16,43,96,73,14779,96.68,2797,13801
1781659692.367,2,3,3,4,16,59,96,75,14779,105.69,2812,13801
1781659693.366,1,3,3,4,16,37,0,0,14779,39.84,2797,13801
1781659693.366,2,3,3,4,16,53,0,0,14779,40.12,2812,13801
1781659694.367,1,3,3,4,16,37,0,0,14779,27.19,2632,13801
1781659694.367,2,3,3,4,16,52,0,0,14779,25.75,2617,13801
1781659695.366,1,3,3,4,16,36,0,0,14779,23.89,2565,13801
1781659695.366,2,3,3,4,16,51,0,0,14779,23.10,2595,13801
1781659696.367,1,3,3,4,16,36,0,0,14779,22.24,2565,13801
1781659696.367,2,3,3,4,16,51,0,0,14779,20.38,2595,13801
1781659697.366,1,3,3,4,16,36,0,0,14779,20.61,2565,13801
1781659697.366,2,3,3,4,16,51,0,0,14779,20.31,2595,13801
1781659698.367,1,3,3,4,16,35,0,0,14779,20.51,2565,13801
1781659698.367,2,3,3,4,16,50,0,0,14779,20.29,2595,13801
1781659699.368,1,3,3,4,16,35,0,0,14779,20.51,2565,13801
1781659699.368,2,3,3,4,16,50,0,0,14779,20.27,2595,13801
1781659700.368,1,3,3,4,16,35,0,0,14779,20.39,2565,13801
1781659700.368,2,3,3,4,16,50,0,0,14779,20.19,2595,13801
1781659701.387,1,3,3,4,16,35,0,0,14779,20.40,2670,13801
1781659701.387,2,3,3,4,16,50,0,0,14779,20.17,2700,13801
1781659702.386,1,3,3,4,16,38,24,14,14779,36.55,2790,13801
1781659702.386,2,3,3,4,16,57,51,9,14779,56.80,2797,13801
1781659703.387,1,3,3,4,16,39,100,16,14779,60.07,2790,13801
1781659703.387,2,3,3,4,16,55,100,16,14779,64.81,2805,13801
1781659704.384,1,3,3,4,16,40,100,16,14779,62.08,2782,13801
1781659704.384,2,3,3,4,16,59,100,18,14779,66.69,2797,13801
1781659705.385,1,3,3,4,16,40,97,61,14779,67.02,2782,13801
1781659705.385,2,3,3,4,16,56,97,63,14779,75.24,2805,13801
1781659706.386,1,3,3,4,16,41,97,60,14779,85.03,2782,13801
1781659706.386,2,3,3,4,16,56,97,62,14779,92.76,2805,13801
1781659707.386,1,3,3,4,16,41,98,60,14779,85.19,2782,13801
1781659707.386,2,3,3,4,16,56,97,61,14779,92.80,2805,13801
1781659708.387,1,3,3,4,16,41,98,60,14779,85.13,2782,13801
1781659708.387,2,3,3,4,16,56,98,62,14779,92.82,2805,13801
1781659709.385,1,3,3,4,16,41,98,60,14779,85.10,2782,13801
1781659709.385,2,3,3,4,16,56,98,62,14779,92.55,2805,13801
1781659710.385,1,3,3,4,16,41,98,61,14779,85.21,2782,13801
1781659710.385,2,3,3,4,16,56,98,61,14779,92.84,2805,13801
1781659711.387,1,3,3,4,16,41,98,61,14779,85.15,2782,13801
1781659711.387,2,3,3,4,16,56,98,61,14779,92.93,2805,13801
1781659712.388,1,3,3,4,16,41,98,61,14779,85.11,2782,13801
1781659712.388,2,3,3,4,16,56,98,61,14779,92.73,2805,13801
1781659713.387,1,3,3,4,16,41,98,61,14779,85.24,2782,13801
1781659713.387,2,3,3,4,16,57,98,61,14779,92.75,2805,13801
1781659714.387,1,3,3,4,16,41,98,61,14779,85.30,2790,13801
1781659714.387,2,3,3,4,16,57,98,62,14779,93.36,2805,13801
1781659715.386,1,3,3,4,16,41,98,61,14779,85.31,2790,13801
1781659715.386,2,3,3,4,16,57,98,62,14779,93.03,2805,13801
1781659716.387,1,3,3,4,16,41,98,61,14779,85.08,2790,13801
1781659716.387,2,3,3,4,16,57,98,61,14779,92.98,2805,13801
1781659717.389,1,3,3,4,16,41,98,61,14779,85.33,2790,13801
1781659717.389,2,3,3,4,16,57,98,61,14779,92.99,2805,13801
1781659718.388,1,3,3,4,16,41,98,60,14779,85.14,2790,13801
1781659718.388,2,3,3,4,16,57,98,63,14779,92.99,2805,13801
1781659719.384,1,3,3,4,16,41,98,60,14779,85.15,2790,13801
1781659719.384,2,3,3,4,16,57,98,62,14779,93.29,2805,13801
1781659720.387,1,3,3,4,16,41,98,61,14779,85.24,2782,13801
1781659720.387,2,3,3,4,16,57,98,61,14779,93.12,2805,13801
1781659721.386,1,3,3,4,16,41,98,60,14779,85.34,2790,13801
1781659721.386,2,3,3,4,16,57,97,61,14779,92.97,2805,13801
1781659722.391,1,3,3,4,16,41,100,16,14779,83.04,2782,13801
1781659722.391,2,3,3,4,16,57,100,18,14779,89.49,2797,13801
1781659723.388,1,3,3,4,16,40,100,17,14779,66.00,2782,13801
1781659723.388,2,3,3,4,16,56,100,18,14779,72.75,2797,13801
1781659724.387,1,3,3,4,16,41,98,61,14779,71.43,2782,13801
1781659724.387,2,3,3,4,16,57,98,61,14779,79.92,2805,13801
1781659725.388,1,3,3,4,16,41,98,60,14779,84.97,2790,13801
1781659725.388,2,3,3,4,16,57,97,61,14779,93.00,2805,13801
1781659726.387,1,3,3,4,16,41,98,60,14779,85.23,2790,13801
1781659726.387,2,3,3,4,16,57,97,61,14779,93.04,2805,13801
1781659727.386,1,3,3,4,16,42,97,59,14779,85.23,2790,13801
1781659727.386,2,3,3,4,16,57,97,61,14779,92.94,2805,13801
1781659728.387,1,3,3,4,16,40,100,16,14779,77.77,2782,13801
1781659728.387,2,3,3,4,16,57,100,18,14779,83.18,2797,13801
1781659729.387,1,3,3,4,16,41,98,64,14779,76.08,2790,13801
1781659729.387,2,3,3,4,16,57,98,64,14779,84.80,2805,13801
1781659730.387,1,3,3,4,16,41,98,62,14779,85.14,2790,13801
1781659730.387,2,3,3,4,16,57,98,63,14779,92.97,2805,13801
1781659731.388,1,3,3,4,16,41,98,61,14779,85.21,2782,13801
1781659731.388,2,3,3,4,16,57,98,62,14779,92.97,2805,13801
1781659732.388,1,3,3,4,16,41,96,66,14779,85.86,2790,13801
1781659732.388,2,3,3,4,16,57,96,67,14779,93.96,2805,13801
1781659733.384,1,3,3,4,16,41,96,64,14779,87.12,2790,13801
1781659733.384,2,3,3,4,16,57,97,66,14779,94.74,2805,13801
1781659734.385,1,3,3,4,16,42,98,66,14779,87.49,2790,13801
1781659734.385,2,3,3,4,16,58,98,68,14779,95.29,2805,13801
1781659735.388,1,3,3,4,16,41,96,66,14779,87.53,2790,13801
1781659735.388,2,3,3,4,16,58,96,68,14779,95.06,2805,13801
1781659736.384,1,3,3,4,16,41,97,66,14779,87.51,2790,13801
1781659736.384,2,3,3,4,16,57,96,67,14779,95.07,2805,13801
1781659737.384,1,3,3,4,16,42,97,64,14779,87.73,2790,13801
1781659737.384,2,3,3,4,16,58,97,66,14779,95.03,2805,13801
1781659738.385,1,3,3,4,16,42,97,66,14779,87.64,2790,13801
1781659738.385,2,3,3,4,16,58,97,67,14779,95.04,2805,13801
1781659739.385,1,3,3,4,16,42,97,66,14779,87.48,2790,13801
1781659739.385,2,3,3,4,16,58,97,67,14779,95.07,2805,13801
1781659740.385,1,3,3,4,16,42,96,71,14779,90.44,2790,13801
1781659740.385,2,3,3,4,16,58,96,73,14779,98.87,2812,13801
1781659741.385,1,3,3,4,16,42,96,71,14779,91.43,2790,13801
1781659741.385,2,3,3,4,16,58,96,73,14779,100.27,2812,13801
1781659742.387,1,3,3,4,16,42,96,72,14779,91.35,2782,13801
1781659742.387,2,3,3,4,16,58,96,75,14779,100.42,2812,13801
1781659743.386,1,3,3,4,16,43,96,74,14779,97.38,2775,13801
1781659743.386,2,3,3,4,16,59,96,77,14779,105.69,2805,13801
1781659744.386,1,3,3,4,16,43,96,75,14779,97.25,2775,13801
1781659744.386,2,3,3,4,16,60,96,77,14779,106.04,2805,13801
1781659745.387,1,3,3,4,16,43,96,75,14779,97.46,2775,13801
1781659745.387,2,3,3,4,16,59,95,76,14779,106.28,2805,13801
1781659746.392,1,3,3,4,16,43,96,75,14779,97.41,2775,13801
1781659746.392,2,3,3,4,16,59,96,75,14779,106.02,2805,13801
1781659747.391,1,3,3,4,16,43,96,76,14779,97.49,2775,13801
1781659747.391,2,3,3,4,16,59,96,75,14779,106.01,2805,13801
1781659748.386,1,3,3,4,16,43,95,75,14779,97.59,2775,13801
1781659748.386,2,3,3,4,16,59,96,75,14779,105.87,2805,13801
1781659749.385,1,3,3,4,16,44,95,74,14779,97.61,2775,13801
1781659749.385,2,3,3,4,16,59,96,75,14779,105.89,2805,13801
1781659750.386,1,3,3,4,16,44,95,73,14779,97.28,2775,13801
1781659750.386,2,3,3,4,16,59,96,76,14779,106.09,2805,13801
1781659751.383,1,3,3,4,16,43,96,74,14779,97.45,2775,13801
1781659751.383,2,3,3,4,16,59,96,75,14779,106.04,2805,13801
1781659752.387,1,3,3,4,16,43,96,74,14779,97.33,2775,13801
1781659752.387,2,3,3,4,16,59,96,75,14779,106.04,2805,13801
1781659753.386,1,3,3,4,16,43,96,74,14779,97.34,2775,13801
1781659753.386,2,3,3,4,16,59,96,75,14779,106.08,2805,13801
1781659754.389,1,3,3,4,16,43,96,74,14779,97.29,2775,13801
1781659754.389,2,3,3,4,16,60,96,76,14779,106.16,2805,13801
1781659755.389,1,3,3,4,16,43,96,74,14779,97.36,2775,13801
1781659755.389,2,3,3,4,16,60,96,76,14779,106.17,2805,13801
1781659756.390,1,3,3,4,16,43,96,74,14779,97.45,2775,13801
1781659756.390,2,3,3,4,16,60,96,76,14779,106.15,2805,13801
1781659757.389,1,3,3,4,16,43,96,74,14779,97.45,2775,13801
1781659757.389,2,3,3,4,16,60,96,76,14779,106.26,2805,13801
1781659758.393,1,3,3,4,16,43,96,74,14779,97.43,2775,13801
1781659758.393,2,3,3,4,16,60,96,76,14779,106.23,2797,13801
1781659759.391,1,3,3,4,16,43,96,74,14779,97.29,2775,13801
1781659759.391,2,3,3,4,16,60,96,76,14779,106.14,2797,13801
1781659760.388,1,3,3,4,16,43,96,63,14779,95.29,2775,13801
1781659760.388,2,3,3,4,16,60,95,75,14779,104.35,2805,13801
1781659761.389,1,3,3,4,16,43,96,75,14779,97.25,2775,13801
1781659761.389,2,3,3,4,16,60,95,75,14779,106.29,2797,13801
1781659762.390,1,3,3,4,16,43,96,75,14779,97.21,2775,13801
1781659762.390,2,3,3,4,16,60,95,75,14779,106.25,2797,13801
1781659763.389,1,3,3,4,16,43,96,74,14779,97.21,2775,13801
1781659763.389,2,3,3,4,16,60,95,76,14779,106.32,2797,13801
1781659764.389,1,3,3,4,16,41,100,16,14779,84.80,2790,13801
1781659764.389,2,3,3,4,16,57,100,15,14779,87.78,2797,13801
1781659765.394,1,3,3,4,16,42,100,18,14779,61.44,2790,13801
1781659765.394,2,3,3,4,16,59,100,19,14779,65.90,2797,13801
1781659766.396,1,3,3,4,16,40,100,21,14779,61.35,2790,13801
1781659766.396,2,3,3,4,16,57,100,17,14779,66.17,2805,13801
1781659767.391,1,3,3,4,16,43,100,16,14779,60.99,2782,13801
1781659767.391,2,3,3,4,16,56,100,19,14779,65.62,2797,13801
1781659768.391,1,3,3,4,16,42,98,60,14779,81.75,2775,13801
1781659768.391,2,3,3,4,16,59,98,62,14779,91.54,2805,13801
1781659769.388,1,3,3,4,16,43,98,61,14779,85.65,2775,13801
1781659769.388,2,3,3,4,16,59,98,61,14779,94.03,2805,13801
1781659770.390,1,3,3,4,16,42,97,61,14779,85.58,2775,13801
1781659770.390,2,3,3,4,16,59,98,62,14779,93.96,2805,13801
1781659771.397,1,3,3,4,16,42,98,62,14779,85.54,2775,13801
1781659771.397,2,3,3,4,16,59,98,62,14779,93.99,2805,13801
1781659772.397,1,3,3,4,16,42,98,62,14779,85.59,2775,13801
1781659772.397,2,3,3,4,16,59,98,63,14779,93.99,2805,13801
1781659773.390,1,3,3,4,16,42,98,63,14779,85.61,2775,13801
1781659773.390,2,3,3,4,16,59,98,62,14779,94.21,2805,13801
1781659774.391,1,3,3,4,16,42,98,63,14779,85.81,2775,13801
1781659774.391,2,3,3,4,16,59,98,64,14779,94.28,2805,13801
1781659775.392,1,3,3,4,16,42,98,63,14779,85.76,2775,13801
1781659775.392,2,3,3,4,16,60,98,64,14779,94.08,2805,13801
1781659776.389,1,3,3,4,16,42,97,63,14779,85.98,2775,13801
1781659776.389,2,3,3,4,16,60,98,64,14779,94.13,2805,13801
1781659777.392,1,3,3,4,16,42,97,63,14779,85.82,2775,13801
1781659777.392,2,3,3,4,16,59,98,65,14779,94.07,2805,13801
1781659778.389,1,3,3,4,16,42,97,63,14779,85.89,2775,13801
1781659778.389,2,3,3,4,16,59,98,65,14779,94.28,2805,13801
1781659779.390,1,3,3,4,16,42,97,63,14779,85.93,2775,13801
1781659779.390,2,3,3,4,16,60,98,64,14779,94.22,2805,13801
1781659780.389,1,3,3,4,16,42,98,63,14779,85.67,2775,13801
1781659780.389,2,3,3,4,16,60,98,64,14779,94.14,2805,13801
1781659781.389,1,3,3,4,16,42,98,63,14779,85.81,2775,13801
1781659781.389,2,3,3,4,16,59,98,63,14779,94.28,2805,13801
1781659782.389,1,3,3,4,16,42,98,62,14779,85.72,2775,13801
1781659782.389,2,3,3,4,16,59,98,63,14779,94.16,2805,13801
1781659783.391,1,3,3,4,16,42,98,60,14779,85.68,2775,13801
1781659783.391,2,3,3,4,16,59,98,61,14779,94.19,2805,13801
1781659784.385,1,3,3,4,16,42,100,17,14779,79.10,2782,13801
1781659784.385,2,3,3,4,16,58,100,18,14779,83.49,2797,13801
1781659785.392,1,3,3,4,16,42,97,61,14779,74.53,2790,13801
1781659785.392,2,3,3,4,16,59,96,63,14779,86.07,2805,13801
1781659786.392,1,3,3,4,16,42,97,62,14779,85.78,2782,13801
1781659786.392,2,3,3,4,16,59,97,64,14779,94.16,2797,13801
1781659787.391,1,3,3,4,16,42,98,53,14779,70.42,2782,13801
1781659787.391,2,3,3,4,16,59,98,64,14779,77.90,2805,13801
1781659788.395,1,3,3,4,16,42,98,62,14779,85.49,2790,13801
1781659788.395,2,3,3,4,16,59,98,62,14779,93.94,2805,13801
1781659789.391,1,3,3,4,16,42,100,17,14779,75.22,2782,13801
1781659789.391,2,3,3,4,16,59,100,17,14779,78.34,2797,13801
1781659790.389,1,3,3,4,16,42,97,62,14779,79.86,2790,13801
1781659790.389,2,3,3,4,16,59,98,64,14779,92.00,2805,13801
1781659791.394,1,3,3,4,16,42,97,63,14779,85.56,2782,13801
1781659791.394,2,3,3,4,16,59,98,63,14779,93.92,2805,13801
1781659792.390,1,3,3,4,16,42,97,63,14779,85.40,2782,13801
1781659792.390,2,3,3,4,16,59,98,62,14779,93.78,2805,13801
1781659793.393,1,3,3,4,16,41,100,17,14779,72.14,2775,13801
1781659793.393,2,3,3,4,16,59,98,29,14779,77.68,2797,13801
1781659794.393,1,3,3,4,16,41,96,63,14779,66.13,2775,13801
1781659794.393,2,3,3,4,16,59,97,64,14779,76.75,2805,13801
1781659795.393,1,3,3,4,16,42,97,62,14779,85.50,2775,13801
1781659795.393,2,3,3,4,16,59,98,64,14779,94.02,2805,13801
1781659796.394,1,3,3,4,16,42,97,61,14779,85.44,2775,13801
1781659796.394,2,3,3,4,16,59,98,65,14779,94.20,2805,13801
1781659797.395,1,3,3,4,16,42,97,61,14779,85.59,2775,13801
1781659797.395,2,3,3,4,16,59,97,64,14779,94.40,2805,13801
1781659798.398,1,3,3,4,16,42,97,61,14779,85.62,2775,13801
1781659798.398,2,3,3,4,16,59,97,64,14779,94.35,2805,13801
1781659799.389,1,3,3,4,16,42,97,61,14779,85.57,2775,13801
1781659799.389,2,3,3,4,16,59,97,64,14779,94.15,2805,13801
1781659800.390,1,3,3,4,16,42,97,62,14779,85.51,2775,13801
1781659800.390,2,3,3,4,16,59,98,64,14779,94.08,2805,13801
1781659801.391,1,3,3,4,16,42,97,62,14779,85.59,2775,13801
1781659801.391,2,3,3,4,16,59,98,64,14779,94.13,2805,13801
1781659802.391,1,3,3,4,16,42,97,62,14779,85.71,2775,13801
1781659802.391,2,3,3,4,16,59,97,63,14779,94.05,2805,13801
1781659803.391,1,3,3,4,16,42,97,62,14779,85.66,2775,13801
1781659803.391,2,3,3,4,16,59,98,62,14779,93.95,2805,13801
1781659804.391,1,3,3,4,16,42,97,62,14779,85.71,2775,13801
1781659804.391,2,3,3,4,16,60,98,63,14779,94.08,2805,13801
1781659805.392,1,3,3,4,16,42,97,63,14779,85.72,2775,13801
1781659805.392,2,3,3,4,16,59,98,61,14779,94.17,2805,13801
1781659806.391,1,3,3,4,16,41,100,17,14779,76.54,2775,13801
1781659806.391,2,3,3,4,16,58,100,18,14779,79.54,2797,13801
1781659807.394,1,3,3,4,16,42,98,60,14779,79.16,2782,13801
1781659807.394,2,3,3,4,16,59,97,64,14779,89.32,2805,13801
1781659808.393,1,3,3,4,16,42,98,60,14779,85.55,2782,13801
1781659808.393,2,3,3,4,16,59,97,63,14779,94.07,2805,13801
1781659809.395,1,3,3,4,16,42,98,60,14779,85.72,2782,13801
1781659809.395,2,3,3,4,16,59,97,64,14779,94.49,2805,13801
1781659810.394,1,3,3,4,16,42,98,61,14779,85.65,2782,13801
1781659810.394,2,3,3,4,16,59,97,64,14779,94.32,2805,13801
1781659811.392,1,3,3,4,16,42,98,60,14779,85.88,2782,13801
1781659811.392,2,3,3,4,16,59,97,64,14779,94.51,2805,13801
1781659812.395,1,3,3,4,16,42,97,59,14779,85.68,2790,13801
1781659812.395,2,3,3,4,16,59,97,64,14779,94.21,2805,13801
1781659813.394,1,3,3,4,16,42,100,17,14779,70.49,2782,13801
1781659813.394,2,3,3,4,16,61,98,43,14779,76.18,2805,13801
1781659814.392,1,3,3,4,16,42,97,63,14779,82.12,2790,13801
1781659814.392,2,3,3,4,16,60,97,61,14779,93.83,2805,13801
1781659815.400,1,3,3,4,16,41,100,16,14779,77.13,2775,13801
1781659815.400,2,3,3,4,16,58,100,18,14779,82.67,2797,13801
1781659816.395,1,3,3,4,16,42,98,60,14779,75.91,2775,13801
1781659816.395,2,3,3,4,16,59,97,64,14779,87.78,2805,13801
1781659817.396,1,3,3,4,16,42,97,59,14779,85.54,2775,13801
1781659817.396,2,3,3,4,16,59,97,64,14779,94.07,2805,13801
1781659818.395,1,3,3,4,16,42,97,60,14779,85.75,2775,13801
1781659818.395,2,3,3,4,16,59,97,64,14779,94.00,2805,13801
1781659819.395,1,3,3,4,16,41,100,17,14779,69.08,2782,13801
1781659819.395,2,3,3,4,16,59,98,61,14779,78.11,2805,13801
1781659820.390,1,3,3,4,16,42,100,17,14779,78.11,2782,13801
1781659820.390,2,3,3,4,16,59,100,18,14779,82.49,2797,13801
1781659821.396,1,3,3,4,16,42,98,60,14779,74.73,2782,13801
1781659821.396,2,3,3,4,16,59,97,64,14779,86.28,2805,13801
1781659822.396,1,3,3,4,16,42,98,60,14779,85.70,2782,13801
1781659822.396,2,3,3,4,16,59,97,64,14779,94.08,2805,13801
1781659823.393,1,3,3,4,16,42,98,59,14779,85.39,2782,13801
1781659823.393,2,3,3,4,16,59,97,64,14779,93.98,2805,13801
1781659824.394,1,3,3,4,16,42,97,59,14779,85.56,2782,13801
1781659824.394,2,3,3,4,16,59,97,64,14779,93.99,2805,13801
1781659825.395,1,3,3,4,16,43,97,60,14779,85.47,2782,13801
1781659825.395,2,3,3,4,16,59,97,64,14779,94.11,2805,13801
1781659826.396,1,3,3,4,16,42,97,60,14779,85.47,2790,13801
1781659826.396,2,3,3,4,16,59,97,64,14779,94.23,2805,13801
1781659827.396,1,3,3,4,16,42,97,62,14779,85.48,2782,13801
1781659827.396,2,3,3,4,16,59,98,65,14779,94.05,2805,13801
1781659828.392,1,3,3,4,16,42,97,62,14779,85.55,2782,13801
1781659828.392,2,3,3,4,16,59,98,63,14779,94.24,2797,13801
1781659829.398,1,3,3,4,16,42,98,29,14779,69.12,2782,13801
1781659829.398,2,3,3,4,16,59,97,61,14779,76.92,2805,13801
1781659830.396,1,3,3,4,16,42,97,63,14779,84.62,2782,13801
1781659830.396,2,3,3,4,16,59,98,61,14779,94.26,2805,13801
1781659831.396,1,3,3,4,16,42,97,63,14779,85.76,2790,13801
1781659831.396,2,3,3,4,16,59,98,61,14779,94.37,2805,13801
1781659832.395,1,3,3,4,16,42,96,63,14779,85.59,2790,13801
1781659832.395,2,3,3,4,16,59,98,61,14779,94.12,2805,13801
1781659833.395,1,3,3,4,16,42,97,63,14779,85.62,2782,13801
1781659833.395,2,3,3,4,16,59,98,61,14779,94.32,2805,13801
1781659834.396,1,3,3,4,16,42,97,63,14779,85.63,2782,13801
1781659834.396,2,3,3,4,16,59,98,61,14779,94.24,2805,13801
1781659835.397,1,3,3,4,16,42,97,63,14779,85.79,2790,13801
1781659835.397,2,3,3,4,16,60,98,61,14779,94.42,2805,13801
1781659836.398,1,3,3,4,16,42,97,63,14779,85.76,2790,13801
1781659836.398,2,3,3,4,16,59,98,61,14779,94.34,2805,13801
1781659837.399,1,3,3,4,16,42,97,63,14779,85.78,2790,13801
1781659837.399,2,3,3,4,16,59,97,61,14779,94.33,2805,13801
1781659838.400,1,3,3,4,16,42,97,63,14779,85.79,2782,13801
1781659838.400,2,3,3,4,16,60,97,61,14779,94.24,2805,13801
1781659839.395,1,3,3,4,16,42,98,63,14779,85.77,2782,13801
1781659839.395,2,3,3,4,16,59,97,62,14779,94.43,2805,13801
1781659840.395,1,3,3,4,16,41,100,16,14779,83.11,2775,13801
1781659840.395,2,3,3,4,16,58,100,18,14779,87.69,2797,13801
1781659841.396,1,3,3,4,16,42,97,60,14779,70.63,2782,13801
1781659841.396,2,3,3,4,16,59,97,64,14779,82.46,2797,13801
1781659842.396,1,3,3,4,16,41,98,31,14779,68.86,2782,13801
1781659842.396,2,3,3,4,16,59,98,62,14779,76.47,2797,13801
1781659843.396,1,3,3,4,16,41,100,19,14779,69.24,2782,13801
1781659843.396,2,3,3,4,16,58,97,63,14779,77.97,2805,13801
1781659844.393,1,3,3,4,16,42,98,60,14779,83.95,2775,13801
1781659844.393,2,3,3,4,16,59,97,63,14779,94.05,2805,13801
1781659845.397,1,3,3,4,16,42,98,61,14779,85.50,2775,13801
1781659845.397,2,3,3,4,16,59,97,64,14779,94.24,2805,13801
1781659846.394,1,3,3,4,16,42,98,60,14779,85.26,2775,13801
1781659846.394,2,3,3,4,16,59,97,63,14779,94.02,2805,13801
1781659847.395,1,3,3,4,16,42,98,60,14779,85.28,2775,13801
1781659847.395,2,3,3,4,16,59,97,63,14779,93.95,2805,13801
1781659848.394,1,3,3,4,16,42,98,60,14779,85.38,2775,13801
1781659848.394,2,3,3,4,16,59,97,63,14779,93.89,2805,13801
1781659849.394,1,3,3,4,16,42,98,60,14779,85.32,2775,13801
1781659849.394,2,3,3,4,16,59,97,64,14779,94.02,2805,13801
1781659850.397,1,3,3,4,16,42,98,60,14779,85.29,2775,13801
1781659850.397,2,3,3,4,16,59,97,64,14779,93.96,2805,13801
1781659851.396,1,3,3,4,16,42,98,60,14779,85.31,2775,13801
1781659851.396,2,3,3,4,16,59,97,64,14779,94.07,2797,13801
1781659852.394,1,3,3,4,16,41,98,32,14779,68.76,2782,13801
1781659852.394,2,3,3,4,16,59,98,62,14779,78.05,2805,13801
1781659853.396,1,3,3,4,16,42,97,63,14779,84.77,2782,13801
1781659853.396,2,3,3,4,16,59,98,61,14779,94.31,2805,13801
1781659854.397,1,3,3,4,16,42,97,63,14779,85.84,2782,13801
1781659854.397,2,3,3,4,16,59,98,62,14779,94.30,2805,13801
1781659855.395,1,3,3,4,16,42,96,62,14779,85.58,2790,13801
1781659855.395,2,3,3,4,16,59,98,61,14779,94.14,2805,13801
1781659856.396,1,3,3,4,16,42,97,63,14779,85.57,2790,13801
1781659856.396,2,3,3,4,16,59,98,62,14779,94.09,2805,13801
1781659857.395,1,3,3,4,16,42,97,63,14779,85.73,2790,13801
1781659857.395,2,3,3,4,16,59,98,61,14779,94.20,2805,13801
1781659858.396,1,3,3,4,16,42,96,63,14779,85.58,2790,13801
1781659858.396,2,3,3,4,16,59,98,62,14779,93.92,2805,13801
1781659859.398,1,3,3,4,16,42,97,62,14779,85.51,2790,13801
1781659859.398,2,3,3,4,16,59,98,61,14779,94.02,2805,13801
1781659860.399,1,3,3,4,16,42,97,62,14779,85.41,2782,13801
1781659860.399,2,3,3,4,16,60,96,61,14779,93.85,2797,13801
1781659861.399,1,3,3,4,16,45,98,40,14779,68.18,2782,13801
1781659861.399,2,3,3,4,16,59,97,64,14779,76.44,2805,13801
1781659862.398,1,3,3,4,16,41,97,61,14779,84.92,2782,13801
1781659862.398,2,3,3,4,16,59,97,64,14779,93.98,2805,13801
1781659863.397,1,3,3,4,16,42,97,61,14779,85.43,2782,13801
1781659863.397,2,3,3,4,16,59,97,64,14779,94.23,2805,13801
1781659864.400,1,3,3,4,16,42,96,61,14779,85.47,2782,13801
1781659864.400,2,3,3,4,16,59,98,65,14779,94.19,2805,13801
1781659865.396,1,3,3,4,16,42,96,62,14779,85.29,2790,13801
1781659865.396,2,3,3,4,16,59,98,63,14779,93.85,2805,13801
1781659866.399,1,3,3,4,16,42,96,62,14779,85.38,2790,13801
1781659866.399,2,3,3,4,16,59,98,62,14779,93.98,2805,13801
1781659867.397,1,3,3,4,16,42,97,62,14779,85.57,2790,13801
1781659867.397,2,3,3,4,16,59,98,62,14779,94.17,2805,13801
1781659868.399,1,3,3,4,16,42,97,63,14779,85.89,2790,13801
1781659868.399,2,3,3,4,16,59,98,62,14779,94.29,2805,13801
1781659869.396,1,3,3,4,16,42,97,63,14779,85.79,2790,13801
1781659869.396,2,3,3,4,16,59,98,61,14779,94.30,2805,13801
1781659870.397,1,3,3,4,16,42,97,63,14779,85.71,2790,13801
1781659870.397,2,3,3,4,16,59,98,62,14779,94.07,2805,13801
1781659871.399,1,3,3,4,16,42,97,63,14779,85.82,2790,13801
1781659871.399,2,3,3,4,16,59,98,62,14779,94.16,2805,13801
1781659872.401,1,3,3,4,16,42,97,63,14779,85.84,2790,13801
1781659872.401,2,3,3,4,16,60,98,61,14779,94.24,2805,13801
1781659873.400,1,3,3,4,16,42,97,63,14779,85.72,2790,13801
1781659873.400,2,3,3,4,16,60,97,61,14779,94.07,2805,13801
1781659874.395,1,3,3,4,16,42,98,36,14779,84.18,2782,13801
1781659874.395,2,3,3,4,16,58,100,18,14779,89.03,2797,13801
1781659875.396,1,3,3,4,16,42,97,61,14779,69.61,2782,13801
1781659875.396,2,3,3,4,16,59,97,64,14779,81.47,2805,13801
1781659876.397,1,3,3,4,16,42,97,61,14779,85.35,2782,13801
1781659876.397,2,3,3,4,16,59,98,63,14779,94.01,2805,13801
1781659877.397,1,3,3,4,16,43,100,17,14779,69.13,2790,13801
1781659877.397,2,3,3,4,16,59,97,62,14779,76.93,2805,13801
1781659878.404,1,3,3,4,16,42,98,63,14779,83.01,2790,13801
1781659878.404,2,3,3,4,16,59,97,63,14779,94.00,2805,13801
1781659879.400,1,3,3,4,16,41,98,61,14779,85.54,2775,13801
1781659879.400,2,3,3,4,16,59,100,19,14779,90.73,2790,13801
1781659880.399,1,3,3,4,16,41,97,60,14779,70.23,2790,13801
1781659880.399,2,3,3,4,16,59,97,64,14779,79.39,2805,13801
1781659881.401,1,3,3,4,16,42,97,63,14779,84.35,2782,13801
1781659881.401,2,3,3,4,16,59,97,60,14779,92.44,2805,13801
1781659882.394,1,3,3,4,16,42,97,63,14779,85.22,2790,13801
1781659882.394,2,3,3,4,16,59,97,62,14779,93.68,2805,13801
1781659883.402,1,3,3,4,16,41,98,61,14779,85.34,2790,13801
1781659883.402,2,3,3,4,16,59,97,63,14779,93.88,2805,13801
1781659884.398,1,3,3,4,16,41,100,17,14779,75.12,2782,13801
1781659884.398,2,3,3,4,16,58,100,18,14779,79.62,2797,13801
1781659885.398,1,3,3,4,16,42,97,62,14779,79.77,2790,13801
1781659885.398,2,3,3,4,16,59,98,62,14779,91.89,2805,13801
1781659886.399,1,3,3,4,16,42,97,62,14779,85.66,2790,13801
1781659886.399,2,3,3,4,16,59,98,62,14779,94.15,2805,13801
1781659887.399,1,3,3,4,16,42,97,62,14779,85.61,2790,13801
1781659887.399,2,3,3,4,16,59,98,62,14779,94.22,2805,13801
1781659888.399,1,3,3,4,16,42,97,62,14779,85.45,2782,13801
1781659888.399,2,3,3,4,16,59,98,63,14779,94.29,2805,13801
1781659889.398,1,3,3,4,16,42,97,62,14779,85.69,2790,13801
1781659889.398,2,3,3,4,16,59,98,63,14779,94.19,2805,13801
1781659890.401,1,3,3,4,16,42,97,62,14779,85.70,2790,13801
1781659890.401,2,3,3,4,16,59,98,62,14779,94.33,2805,13801
1781659891.402,1,3,3,4,16,42,97,63,14779,85.56,2790,13801
1781659891.402,2,3,3,4,16,59,98,62,14779,94.26,2805,13801
1781659892.402,1,3,3,4,16,42,97,63,14779,85.88,2790,13801
1781659892.402,2,3,3,4,16,59,98,61,14779,94.22,2805,13801
1781659893.402,1,3,3,4,16,42,97,63,14779,85.76,2790,13801
1781659893.402,2,3,3,4,16,59,98,61,14779,94.16,2805,13801
1781659894.398,1,3,3,4,16,42,97,63,14779,85.80,2790,13801
1781659894.398,2,3,3,4,16,59,98,63,14779,94.47,2805,13801
1781659895.399,1,3,3,4,16,42,97,63,14779,85.78,2790,13801
1781659895.399,2,3,3,4,16,59,98,62,14779,94.29,2805,13801
1781659896.400,1,3,3,4,16,42,97,63,14779,85.67,2790,13801
1781659896.400,2,3,3,4,16,59,98,61,14779,94.45,2805,13801
1781659897.403,1,3,3,4,16,41,100,17,14779,80.29,2775,13801
1781659897.403,2,3,3,4,16,58,100,18,14779,84.27,2797,13801
1781659898.401,1,3,3,4,16,41,100,16,14779,68.72,2782,13801
1781659898.401,2,3,3,4,16,58,100,19,14779,77.06,2797,13801
1781659899.399,1,3,3,4,16,42,97,63,14779,72.19,2782,13801
1781659899.399,2,3,3,4,16,60,97,62,14779,83.88,2805,13801
1781659900.401,1,3,3,4,16,42,98,63,14779,85.34,2790,13801
1781659900.401,2,3,3,4,16,59,97,62,14779,94.15,2805,13801
1781659901.404,1,3,3,4,16,42,98,62,14779,85.57,2790,13801
1781659901.404,2,3,3,4,16,59,97,62,14779,94.09,2805,13801
1781659902.400,1,3,3,4,16,42,98,61,14779,85.26,2782,13801
1781659902.400,2,3,3,4,16,59,97,64,14779,94.11,2805,13801
1781659903.403,1,3,3,4,16,41,100,16,14779,72.50,2782,13801
1781659903.403,2,3,3,4,16,58,100,19,14779,76.80,2797,13801
1781659904.401,1,3,3,4,16,45,100,16,14779,64.38,2782,13801
1781659904.401,2,3,3,4,16,58,97,63,14779,75.58,2805,13801
1781659905.400,1,3,3,4,16,42,98,62,14779,84.86,2790,13801
1781659905.400,2,3,3,4,16,59,96,62,14779,94.06,2805,13801
1781659906.405,1,3,3,4,16,42,98,63,14779,85.64,2790,13801
1781659906.405,2,3,3,4,16,59,97,62,14779,94.41,2805,13801
1781659907.403,1,3,3,4,16,42,98,63,14779,85.67,2790,13801
1781659907.403,2,3,3,4,16,59,97,62,14779,94.33,2805,13801
1781659908.402,1,3,3,4,16,42,98,63,14779,85.63,2782,13801
1781659908.402,2,3,3,4,16,60,97,62,14779,94.31,2805,13801
1781659909.401,1,3,3,4,16,42,97,63,14779,85.68,2790,13801
1781659909.401,2,3,3,4,16,59,97,61,14779,94.28,2805,13801
1781659910.403,1,3,3,4,16,42,97,63,14779,85.59,2790,13801
1781659910.403,2,3,3,4,16,59,97,61,14779,94.18,2805,13801
1781659911.401,1,3,3,4,16,42,97,63,14779,85.64,2790,13801
1781659911.401,2,3,3,4,16,59,97,62,14779,94.31,2805,13801
1781659912.402,1,3,3,4,16,42,97,63,14779,85.54,2790,13801
1781659912.402,2,3,3,4,16,60,97,62,14779,94.17,2805,13801
1781659913.401,1,3,3,4,16,42,97,63,14779,85.53,2790,13801
1781659913.401,2,3,3,4,16,59,97,62,14779,94.19,2805,13801
1781659914.400,1,3,3,4,16,42,97,62,14779,85.33,2790,13801
1781659914.400,2,3,3,4,16,59,97,63,14779,93.93,2805,13801
1781659915.403,1,3,3,4,16,42,98,61,14779,85.45,2790,13801
1781659915.403,2,3,3,4,16,59,97,64,14779,94.18,2805,13801
1781659916.399,1,3,3,4,16,42,98,61,14779,85.63,2782,13801
1781659916.399,2,3,3,4,16,59,97,64,14779,94.37,2805,13801
1781659917.400,1,3,3,4,16,42,98,60,14779,85.73,2790,13801
1781659917.400,2,3,3,4,16,59,97,63,14779,94.57,2805,13801
1781659918.403,1,3,3,4,16,42,98,60,14779,85.68,2782,13801
1781659918.403,2,3,3,4,16,59,97,64,14779,94.39,2805,13801
1781659919.400,1,3,3,4,16,42,98,61,14779,85.58,2782,13801
1781659919.400,2,3,3,4,16,59,97,64,14779,94.39,2805,13801
1781659920.401,1,3,3,4,16,42,98,60,14779,85.52,2782,13801
1781659920.401,2,3,3,4,16,59,97,64,14779,94.50,2805,13801
1781659921.400,1,3,3,4,16,42,100,16,14779,73.06,2782,13801
1781659921.400,2,3,3,4,16,60,100,18,14779,77.11,2797,13801
1781659922.404,1,3,3,4,16,42,97,63,14779,79.33,2782,13801
1781659922.404,2,3,3,4,16,59,97,61,14779,91.27,2805,13801
1781659923.403,1,3,3,4,16,42,97,63,14779,85.70,2782,13801
1781659923.403,2,3,3,4,16,60,97,62,14779,94.38,2805,13801
1781659924.404,1,3,3,4,16,42,98,64,14779,85.71,2790,13801
1781659924.404,2,3,3,4,16,59,97,62,14779,94.41,2805,13801
1781659925.405,1,3,3,4,16,43,98,62,14779,85.63,2790,13801
1781659925.405,2,3,3,4,16,59,97,63,14779,94.40,2805,13801
1781659926.405,1,3,3,4,16,41,98,37,14779,84.46,2775,13801
1781659926.405,2,3,3,4,16,58,100,18,14779,89.38,2797,13801
1781659927.405,1,3,3,4,16,41,98,23,14779,68.27,2782,13801
1781659927.405,2,3,3,4,16,58,100,18,14779,74.82,2797,13801
1781659928.402,1,3,3,4,16,42,100,16,14779,65.97,2782,13801
1781659928.402,2,3,3,4,16,59,100,19,14779,73.76,2797,13801
1781659929.401,1,3,3,4,16,40,100,17,14779,68.44,2775,13801
1781659929.401,2,3,3,4,16,58,100,17,14779,76.90,2797,13801
1781659930.404,1,3,3,4,16,42,97,63,14779,72.21,2775,13801
1781659930.404,2,3,3,4,16,59,98,62,14779,82.64,2805,13801
1781659931.401,1,3,3,4,16,42,97,63,14779,85.55,2775,13801
1781659931.401,2,3,3,4,16,59,98,63,14779,93.92,2805,13801
1781659932.401,1,3,3,4,16,42,97,62,14779,85.45,2775,13801
1781659932.401,2,3,3,4,16,59,97,63,14779,94.13,2805,13801
1781659933.404,1,3,3,4,16,42,97,63,14779,85.46,2775,13801
1781659933.404,2,3,3,4,16,59,97,64,14779,94.08,2805,13801
1781659934.401,1,3,3,4,16,42,97,62,14779,85.54,2775,13801
1781659934.401,2,3,3,4,16,59,98,65,14779,94.37,2805,13801
1781659935.406,1,3,3,4,16,42,97,60,14779,85.60,2775,13801
1781659935.406,2,3,3,4,16,59,97,64,14779,94.32,2805,13801
1781659936.405,1,3,3,4,16,42,97,60,14779,85.49,2775,13801
1781659936.405,2,3,3,4,16,59,97,64,14779,94.42,2805,13801
1781659937.403,1,3,3,4,16,42,97,59,14779,85.60,2775,13801
1781659937.403,2,3,3,4,16,59,97,64,14779,94.30,2805,13801
1781659938.403,1,3,3,4,16,42,98,60,14779,85.70,2775,13801
1781659938.403,2,3,3,4,16,59,97,64,14779,94.32,2805,13801
1781659939.403,1,3,3,4,16,42,97,59,14779,85.57,2775,13801
1781659939.403,2,3,3,4,16,59,97,64,14779,94.11,2805,13801
1781659940.403,1,3,3,4,16,42,97,59,14779,85.51,2775,13801
1781659940.403,2,3,3,4,16,59,97,64,14779,94.21,2805,13801
1781659941.403,1,3,3,4,16,42,97,63,14779,84.02,2790,13801
1781659941.403,2,3,3,4,16,59,97,61,14779,91.91,2805,13801
1781659942.405,1,3,3,4,16,42,98,64,14779,85.26,2782,13801
1781659942.405,2,3,3,4,16,60,97,62,14779,93.87,2805,13801
1781659943.405,1,3,3,4,16,42,97,63,14779,85.63,2782,13801
1781659943.405,2,3,3,4,16,59,97,62,14779,94.09,2805,13801
1781659944.400,1,3,3,4,16,42,97,62,14779,85.51,2790,13801
1781659944.400,2,3,3,4,16,59,97,62,14779,94.06,2805,13801
1781659945.401,1,3,3,4,16,42,98,60,14779,85.28,2782,13801
1781659945.401,2,3,3,4,16,59,97,63,14779,93.94,2805,13801
1781659946.404,1,3,3,4,16,42,98,60,14779,85.24,2782,13801
1781659946.404,2,3,3,4,16,58,100,17,14779,90.75,2797,13801
1781659947.405,1,3,3,4,16,42,97,62,14779,70.24,2782,13801
1781659947.405,2,3,3,4,16,59,98,63,14779,79.04,2797,13801
1781659948.403,1,3,3,4,16,41,100,19,14779,68.25,2782,13801
1781659948.403,2,3,3,4,16,58,97,63,14779,77.75,2805,13801
1781659949.402,1,3,3,4,16,41,98,59,14779,83.95,2775,13801
1781659949.402,2,3,3,4,16,59,97,63,14779,93.93,2805,13801
1781659950.403,1,3,3,4,16,42,98,60,14779,85.26,2775,13801
1781659950.403,2,3,3,4,16,59,97,64,14779,94.07,2805,13801
1781659951.403,1,3,3,4,16,42,98,60,14779,85.30,2775,13801
1781659951.403,2,3,3,4,16,59,97,64,14779,94.09,2805,13801
1781659952.402,1,3,3,4,16,42,98,60,14779,85.34,2775,13801
1781659952.402,2,3,3,4,16,59,96,64,14779,94.27,2805,13801
1781659953.406,1,3,3,4,16,42,98,60,14779,85.22,2775,13801
1781659953.406,2,3,3,4,16,59,97,64,14779,94.26,2805,13801
1781659954.405,1,3,3,4,16,42,99,18,14779,83.27,2782,13801
1781659954.405,2,3,3,4,16,58,100,18,14779,87.72,2797,13801
1781659955.402,1,3,3,4,16,42,98,63,14779,70.24,2790,13801
1781659955.402,2,3,3,4,16,58,97,63,14779,80.91,2805,13801
1781659956.407,1,3,3,4,16,42,98,63,14779,85.57,2790,13801
1781659956.407,2,3,3,4,16,59,96,62,14779,93.98,2805,13801
1781659957.407,1,3,3,4,16,43,98,62,14779,85.57,2790,13801
1781659957.407,2,3,3,4,16,59,97,63,14779,93.96,2805,13801
1781659958.406,1,3,3,4,16,42,98,62,14779,85.51,2790,13801
1781659958.406,2,3,3,4,16,59,97,63,14779,93.96,2805,13801
1781659959.406,1,3,3,4,16,42,98,61,14779,85.51,2790,13801
1781659959.406,2,3,3,4,16,59,96,64,14779,93.94,2805,13801
1781659960.405,1,3,3,4,16,42,98,61,14779,85.72,2790,13801
1781659960.405,2,3,3,4,16,59,97,64,14779,94.16,2805,13801
1781659961.408,1,3,3,4,16,42,98,62,14779,85.80,2790,13801
1781659961.408,2,3,3,4,16,59,97,63,14779,94.30,2805,13801
1781659962.407,1,3,3,4,16,42,98,62,14779,85.61,2790,13801
1781659962.407,2,3,3,4,16,59,97,64,14779,94.25,2805,13801
1781659963.406,1,3,3,4,16,42,98,62,14779,85.72,2790,13801
1781659963.406,2,3,3,4,16,59,97,63,14779,94.25,2805,13801
1781659964.408,1,3,3,4,16,42,98,61,14779,85.66,2790,13801
1781659964.408,2,3,3,4,16,59,97,63,14779,94.24,2805,13801
1781659965.408,1,3,3,4,16,42,98,61,14779,85.64,2790,13801
1781659965.408,2,3,3,4,16,59,97,64,14779,94.35,2805,13801
1781659966.409,1,3,3,4,16,42,97,61,14779,85.72,2790,13801
1781659966.409,2,3,3,4,16,59,97,64,14779,94.35,2805,13801
1781659967.404,1,3,3,4,16,42,98,61,14779,85.51,2790,13801
1781659967.404,2,3,3,4,16,59,97,64,14779,94.25,2805,13801
1781659968.405,1,3,3,4,16,42,98,61,14779,85.61,2790,13801
1781659968.405,2,3,3,4,16,59,97,64,14779,94.40,2805,13801
1781659969.406,1,3,3,4,16,42,98,60,14779,85.72,2790,13801
1781659969.406,2,3,3,4,16,59,97,63,14779,94.30,2805,13801
1781659970.405,1,3,3,4,16,42,98,61,14779,85.52,2790,13801
1781659970.405,2,3,3,4,16,59,97,64,14779,94.24,2805,13801
1781659971.406,1,3,3,4,16,41,100,16,14779,83.48,2782,13801
1781659971.406,2,3,3,4,16,58,100,18,14779,87.89,2797,13801
1781659972.404,1,3,3,4,16,42,97,63,14779,69.77,2782,13801
1781659972.404,2,3,3,4,16,59,98,61,14779,81.19,2805,13801
1781659973.408,1,3,3,4,16,42,97,63,14779,85.62,2775,13801
1781659973.408,2,3,3,4,16,59,97,61,14779,94.03,2805,13801
1781659974.406,1,3,3,4,16,41,100,16,14779,81.06,2782,13801
1781659974.406,2,3,3,4,16,58,100,19,14779,85.95,2797,13801
1781659975.406,1,3,3,4,16,42,97,60,14779,72.84,2790,13801
1781659975.406,2,3,3,4,16,59,97,64,14779,83.45,2805,13801
1781659976.408,1,3,3,4,16,42,97,61,14779,85.59,2790,13801
1781659976.408,2,3,3,4,16,59,98,65,14779,94.00,2805,13801
1781659977.405,1,3,3,4,16,42,97,62,14779,85.50,2790,13801
1781659977.405,2,3,3,4,16,59,98,64,14779,93.99,2805,13801
1781659978.415,1,3,3,4,16,42,97,62,14779,85.59,2782,13801
1781659978.415,2,3,3,4,16,59,98,63,14779,94.08,2805,13801
1781659979.406,1,3,3,4,16,42,97,62,14779,85.58,2790,13801
1781659979.406,2,3,3,4,16,59,98,63,14779,94.04,2805,13801
1781659980.404,1,3,3,4,16,42,97,63,14779,85.48,2790,13801
1781659980.404,2,3,3,4,16,59,98,61,14779,93.90,2805,13801
1781659981.405,1,3,3,4,16,42,97,63,14779,85.69,2782,13801
1781659981.405,2,3,3,4,16,59,98,62,14779,94.30,2805,13801
1781659982.405,1,3,3,4,16,41,100,17,14779,70.81,2782,13801
1781659982.405,2,3,3,4,16,58,97,60,14779,76.59,2805,13801
1781659983.411,1,3,3,4,16,42,98,59,14779,82.33,2782,13801
1781659983.411,2,3,3,4,16,59,97,64,14779,94.43,2805,13801
1781659984.406,1,3,3,4,16,42,97,59,14779,85.36,2782,13801
1781659984.406,2,3,3,4,16,59,97,64,14779,94.23,2805,13801
1781659985.407,1,3,3,4,16,42,97,60,14779,85.30,2790,13801
1781659985.407,2,3,3,4,16,59,97,64,14779,94.44,2805,13801
1781659986.407,1,3,3,4,16,41,99,16,14779,83.53,2782,13801
1781659986.407,2,3,3,4,16,58,100,18,14779,88.02,2797,13801
1781659987.406,1,3,3,4,16,42,97,63,14779,70.14,2790,13801
1781659987.406,2,3,3,4,16,59,98,62,14779,81.43,2805,13801
1781659988.409,1,3,3,4,16,42,97,63,14779,85.48,2790,13801
1781659988.409,2,3,3,4,16,59,98,61,14779,94.27,2805,13801
1781659989.409,1,3,3,4,16,42,97,63,14779,85.78,2790,13801
1781659989.409,2,3,3,4,16,59,98,62,14779,94.12,2805,13801
1781659990.407,1,3,3,4,16,42,97,63,14779,85.63,2790,13801
1781659990.407,2,3,3,4,16,59,98,62,14779,94.16,2805,13801
1781659991.409,1,3,3,4,16,42,97,63,14779,85.61,2790,13801
1781659991.409,2,3,3,4,16,59,98,62,14779,94.34,2805,13801
1781659992.409,1,3,3,4,16,42,97,63,14779,85.47,2790,13801
1781659992.409,2,3,3,4,16,59,98,61,14779,93.94,2805,13801
1781659993.413,1,3,3,4,16,42,97,63,14779,85.57,2790,13801
1781659993.413,2,3,3,4,16,59,98,61,14779,94.39,2805,13801
1781659994.409,1,3,3,4,16,42,97,63,14779,85.76,2790,13801
1781659994.409,2,3,3,4,16,59,98,61,14779,94.36,2805,13801
1781659995.409,1,3,3,4,16,42,97,63,14779,85.78,2790,13801
1781659995.409,2,3,3,4,16,59,97,60,14779,93.97,2805,13801
1781659996.411,1,3,3,4,16,42,97,63,14779,85.81,2790,13801
1781659996.411,2,3,3,4,16,59,97,62,14779,94.15,2805,13801
1781659997.411,1,3,3,4,16,42,98,63,14779,85.63,2775,13801
1781659997.411,2,3,3,4,16,59,99,18,14779,92.19,2797,13801
1781659998.412,1,3,3,4,16,41,97,59,14779,68.32,2790,13801
1781659998.412,2,3,3,4,16,59,97,64,14779,77.95,2805,13801
1781659999.411,1,3,3,4,16,42,97,60,14779,85.36,2790,13801
1781659999.411,2,3,3,4,16,59,98,64,14779,93.93,2805,13801
1781660000.411,1,3,3,4,16,42,97,61,14779,85.44,2782,13801
1781660000.411,2,3,3,4,16,59,96,66,14779,94.37,2797,13801
1781660001.409,1,3,3,4,16,41,98,45,14779,68.00,2782,13801
1781660001.409,2,3,3,4,16,58,97,64,14779,75.42,2805,13801
1781660002.415,1,3,3,4,16,41,100,16,14779,69.02,2790,13801
1781660002.415,2,3,3,4,16,59,98,61,14779,75.83,2805,13801
1781660003.418,1,3,3,4,16,41,97,63,14779,85.38,2790,13801
1781660003.418,2,3,3,4,16,59,98,62,14779,93.86,2805,13801
1781660004.410,1,3,3,4,16,42,97,63,14779,85.36,2790,13801
1781660004.410,2,3,3,4,16,59,98,62,14779,93.87,2805,13801
1781660005.408,1,3,3,4,16,42,97,63,14779,85.46,2782,13801
1781660005.408,2,3,3,4,16,59,97,60,14779,93.92,2805,13801
1781660006.407,1,3,3,4,16,41,100,17,14779,76.55,2782,13801
1781660006.407,2,3,3,4,16,58,100,18,14779,81.30,2797,13801
1781660007.409,1,3,3,4,16,41,97,59,14779,75.47,2790,13801
1781660007.409,2,3,3,4,16,58,97,64,14779,87.72,2805,13801
1781660008.411,1,3,3,4,16,41,97,60,14779,85.31,2790,13801
1781660008.411,2,3,3,4,16,59,97,64,14779,94.34,2805,13801
1781660009.410,1,3,3,4,16,41,97,60,14779,85.47,2790,13801
1781660009.410,2,3,3,4,16,59,97,64,14779,94.16,2805,13801
1781660010.411,1,3,3,4,16,40,100,16,14779,76.11,2782,13801
1781660010.411,2,3,3,4,16,57,100,18,14779,80.35,2797,13801
1781660011.410,1,3,3,4,16,42,97,63,14779,76.63,2790,13801
1781660011.410,2,3,3,4,16,59,98,61,14779,88.32,2805,13801
1781660012.411,1,3,3,4,16,42,97,63,14779,85.60,2790,13801
1781660012.411,2,3,3,4,16,59,98,62,14779,93.95,2805,13801
1781660013.410,1,3,3,4,16,42,97,63,14779,85.60,2790,13801
1781660013.410,2,3,3,4,16,59,98,62,14779,94.00,2805,13801
1781660014.411,1,3,3,4,16,42,97,63,14779,85.70,2790,13801
1781660014.411,2,3,3,4,16,59,98,62,14779,94.13,2805,13801
1781660015.412,1,3,3,4,16,42,97,63,14779,85.72,2790,13801
1781660015.412,2,3,3,4,16,59,98,62,14779,94.07,2805,13801
1781660016.411,1,3,3,4,16,42,97,63,14779,85.62,2790,13801
1781660016.411,2,3,3,4,16,59,98,62,14779,93.96,2805,13801
1781660017.410,1,3,3,4,16,42,97,63,14779,85.49,2790,13801
1781660017.410,2,3,3,4,16,59,98,62,14779,93.90,2805,13801
1781660018.411,1,3,3,4,16,42,97,63,14779,85.46,2790,13801
1781660018.411,2,3,3,4,16,59,98,61,14779,94.12,2805,13801
1781660019.412,1,3,3,4,16,42,97,63,14779,85.54,2790,13801
1781660019.412,2,3,3,4,16,59,97,61,14779,94.17,2805,13801
1781660020.415,1,3,3,4,16,40,98,34,14779,84.07,2782,13801
1781660020.415,2,3,3,4,16,58,100,18,14779,88.80,2797,13801
1781660021.416,1,3,3,4,16,41,97,62,14779,69.54,2782,13801
1781660021.416,2,3,3,4,16,58,98,38,14779,79.89,2797,13801
1781660022.419,1,3,3,4,16,41,98,61,14779,67.92,2790,13801
1781660022.419,2,3,3,4,16,58,96,63,14779,77.44,2805,13801
1781660023.409,1,3,3,4,16,41,98,60,14779,84.96,2790,13801
1781660023.409,2,3,3,4,16,58,96,63,14779,93.63,2805,13801
1781660024.411,1,3,3,4,16,41,98,59,14779,85.08,2790,13801
1781660024.411,2,3,3,4,16,58,97,64,14779,93.86,2805,13801
1781660025.410,1,3,3,4,16,42,100,17,14779,75.86,2782,13801
1781660025.410,2,3,3,4,16,58,100,18,14779,79.82,2797,13801
1781660026.409,1,3,3,4,16,42,97,63,14779,76.52,2790,13801
1781660026.409,2,3,3,4,16,59,98,62,14779,88.09,2805,13801
1781660027.412,1,3,3,4,16,42,97,63,14779,85.43,2790,13801
1781660027.412,2,3,3,4,16,58,98,61,14779,93.91,2805,13801
1781660028.411,1,3,3,4,16,41,100,17,14779,78.72,2782,13801
1781660028.411,2,3,3,4,16,58,100,17,14779,83.14,2797,13801
1781660029.410,1,3,3,4,16,41,97,60,14779,75.29,2790,13801
1781660029.410,2,3,3,4,16,58,96,64,14779,87.64,2805,13801
1781660030.411,1,3,3,4,16,41,97,60,14779,85.44,2790,13801
1781660030.411,2,3,3,4,16,58,98,64,14779,94.05,2805,13801
1781660031.411,1,3,3,4,16,41,97,61,14779,85.38,2790,13801
1781660031.411,2,3,3,4,16,58,98,65,14779,93.79,2805,13801
1781660032.410,1,3,3,4,16,41,96,61,14779,85.50,2790,13801
1781660032.410,2,3,3,4,16,58,97,64,14779,93.92,2805,13801
1781660033.410,1,3,3,4,16,41,97,61,14779,85.55,2790,13801
1781660033.410,2,3,3,4,16,58,98,64,14779,94.01,2805,13801
1781660034.412,1,3,3,4,16,41,97,61,14779,85.57,2790,13801
1781660034.412,2,3,3,4,16,58,98,64,14779,94.18,2805,13801
1781660035.410,1,3,3,4,16,41,97,62,14779,85.59,2790,13801
1781660035.410,2,3,3,4,16,59,98,64,14779,94.27,2805,13801
1781660036.412,1,3,3,4,16,41,97,63,14779,85.62,2782,13801
1781660036.412,2,3,3,4,16,59,98,63,14779,94.29,2805,13801
1781660037.409,1,3,3,4,16,41,97,63,14779,85.64,2790,13801
1781660037.409,2,3,3,4,16,59,98,63,14779,94.34,2805,13801
1781660038.412,1,3,3,4,16,41,97,63,14779,85.73,2782,13801
1781660038.412,2,3,3,4,16,59,98,62,14779,94.35,2805,13801
1781660039.412,1,3,3,4,16,41,97,62,14779,85.68,2790,13801
1781660039.412,2,3,3,4,16,59,98,62,14779,94.17,2805,13801
1781660040.410,1,3,3,4,16,41,97,63,14779,85.56,2790,13801
1781660040.410,2,3,3,4,16,59,98,62,14779,94.04,2805,13801
1781660041.415,1,3,3,4,16,40,98,30,14779,84.09,2782,13801
1781660041.415,2,3,3,4,16,58,100,18,14779,88.76,2797,13801
1781660042.415,1,3,3,4,16,41,98,59,14779,69.66,2782,13801
1781660042.415,2,3,3,4,16,59,98,33,14779,79.70,2797,13801
1781660043.410,1,3,3,4,16,41,97,63,14779,68.17,2782,13801
1781660043.410,2,3,3,4,16,59,97,62,14779,77.25,2805,13801
1781660044.410,1,3,3,4,16,41,98,63,14779,85.24,2790,13801
1781660044.410,2,3,3,4,16,58,97,63,14779,93.71,2805,13801
1781660045.413,1,3,3,4,16,42,98,62,14779,85.25,2790,13801
1781660045.413,2,3,3,4,16,58,97,63,14779,93.90,2805,13801
1781660046.412,1,3,3,4,16,41,98,61,14779,85.23,2782,13801
1781660046.412,2,3,3,4,16,58,97,64,14779,93.84,2805,13801
1781660047.409,1,3,3,4,16,41,100,19,14779,68.46,2790,13801
1781660047.409,2,3,3,4,16,58,97,64,14779,78.39,2805,13801
1781660048.411,1,3,3,4,16,41,97,60,14779,83.63,2782,13801
1781660048.411,2,3,3,4,16,58,98,65,14779,93.96,2805,13801
1781660049.412,1,3,3,4,16,41,97,61,14779,85.45,2790,13801
1781660049.412,2,3,3,4,16,58,98,64,14779,94.15,2805,13801
1781660050.413,1,3,3,4,16,41,97,61,14779,85.50,2782,13801
1781660050.413,2,3,3,4,16,58,98,64,14779,94.06,2805,13801
1781660051.414,1,3,3,4,16,41,97,62,14779,85.51,2782,13801
1781660051.414,2,3,3,4,16,58,98,63,14779,94.14,2805,13801
1781660052.413,1,3,3,4,16,41,97,62,14779,85.52,2790,13801
1781660052.413,2,3,3,4,16,58,98,63,14779,93.94,2805,13801
1781660053.415,1,3,3,4,16,41,97,55,14779,85.48,2782,13801
1781660053.415,2,3,3,4,16,58,100,18,14779,90.08,2797,13801
1781660054.413,1,3,3,4,16,41,98,63,14779,68.56,2782,13801
1781660054.413,2,3,3,4,16,58,100,18,14779,76.81,2797,13801
1781660055.413,1,3,3,4,16,41,97,61,14779,70.32,2790,13801
1781660055.413,2,3,3,4,16,58,98,64,14779,78.92,2805,13801
1781660056.414,1,3,3,4,16,41,97,62,14779,85.41,2790,13801
1781660056.414,2,3,3,4,16,58,98,65,14779,93.91,2805,13801
1781660057.413,1,3,3,4,16,41,97,62,14779,85.59,2790,13801
1781660057.413,2,3,3,4,16,58,98,65,14779,93.89,2805,13801
1781660058.413,1,3,3,4,16,41,97,61,14779,85.63,2790,13801
1781660058.413,2,3,3,4,16,58,98,64,14779,93.84,2805,13801
1781660059.415,1,3,3,4,16,41,97,61,14779,85.48,2790,13801
1781660059.415,2,3,3,4,16,58,98,63,14779,93.83,2805,13801
1781660060.413,1,3,3,4,16,41,97,62,14779,85.51,2790,13801
1781660060.413,2,3,3,4,16,58,98,63,14779,93.94,2805,13801
1781660061.416,1,3,3,4,16,41,97,62,14779,85.48,2790,13801
1781660061.416,2,3,3,4,16,58,98,58,14779,93.89,2805,13801
1781660062.413,1,3,3,4,16,41,100,17,14779,70.24,2782,13801
1781660062.413,2,3,3,4,16,57,98,34,14779,75.89,2805,13801
1781660063.412,1,3,3,4,16,41,98,61,14779,81.27,2790,13801
1781660063.412,2,3,3,4,16,58,97,64,14779,93.31,2805,13801
1781660064.408,1,3,3,4,16,41,98,61,14779,85.58,2782,13801
1781660064.408,2,3,3,4,16,58,97,64,14779,94.11,2805,13801
1781660065.412,1,3,3,4,16,41,98,60,14779,85.43,2790,13801
1781660065.412,2,3,3,4,16,58,97,64,14779,93.97,2805,13801
1781660066.413,1,3,3,4,16,41,98,60,14779,85.63,2790,13801
1781660066.413,2,3,3,4,16,58,97,64,14779,94.04,2805,13801
1781660067.410,1,3,3,4,16,41,98,60,14779,85.46,2790,13801
1781660067.410,2,3,3,4,16,58,97,64,14779,94.18,2805,13801
1781660068.414,1,3,3,4,16,41,97,59,14779,85.61,2790,13801
1781660068.414,2,3,3,4,16,58,97,64,14779,94.12,2805,13801
1781660069.411,1,3,3,4,16,41,100,14,14779,73.12,2782,13801
1781660069.411,2,3,3,4,16,57,100,16,14779,74.39,2797,13801
1781660070.413,1,3,3,4,16,41,97,62,14779,67.14,2782,13801
1781660070.413,2,3,3,4,16,58,98,62,14779,77.25,2805,13801
1781660071.417,1,3,3,4,16,41,97,62,14779,85.50,2782,13801
1781660071.417,2,3,3,4,16,58,98,62,14779,93.79,2805,13801
1781660072.414,1,3,3,4,16,41,97,62,14779,85.71,2782,13801
1781660072.414,2,3,3,4,16,58,98,62,14779,93.87,2805,13801
1781660073.414,1,3,3,4,16,41,97,62,14779,85.61,2782,13801
1781660073.414,2,3,3,4,16,59,98,62,14779,94.03,2805,13801
1781660074.415,1,3,3,4,16,41,97,63,14779,85.62,2790,13801
1781660074.415,2,3,3,4,16,59,98,61,14779,93.85,2805,13801
1781660075.417,1,3,3,4,16,41,97,63,14779,85.67,2782,13801
1781660075.417,2,3,3,4,16,59,98,61,14779,93.94,2805,13801
1781660076.415,1,3,3,4,16,41,97,63,14779,85.49,2782,13801
1781660076.415,2,3,3,4,16,59,98,62,14779,93.74,2805,13801
1781660077.420,1,3,3,4,16,42,97,63,14779,85.50,2790,13801
1781660077.420,2,3,3,4,16,59,98,62,14779,94.01,2805,13801
1781660078.413,1,3,3,4,16,42,97,63,14779,85.70,2782,13801
1781660078.413,2,3,3,4,16,58,98,61,14779,93.86,2805,13801
1781660079.415,1,3,3,4,16,42,97,63,14779,85.55,2782,13801
1781660079.415,2,3,3,4,16,59,97,61,14779,93.77,2797,13801
1781660080.413,1,3,3,4,16,41,98,45,14779,68.60,2782,13801
1781660080.413,2,3,3,4,16,58,97,64,14779,76.55,2805,13801
1781660081.416,1,3,3,4,16,40,100,16,14779,80.05,2782,13801
1781660081.416,2,3,3,4,16,58,100,18,14779,84.21,2797,13801
1781660082.411,1,3,3,4,16,42,95,62,14779,72.31,2790,13801
1781660082.411,2,3,3,4,16,58,98,61,14779,83.54,2805,13801
1781660083.413,1,3,3,4,16,42,97,63,14779,85.40,2782,13801
1781660083.413,2,3,3,4,16,58,98,61,14779,93.55,2805,13801
1781660084.419,1,3,3,4,16,42,97,63,14779,85.58,2782,13801
1781660084.419,2,3,3,4,16,58,98,61,14779,93.79,2805,13801
1781660085.414,1,3,3,4,16,42,97,63,14779,85.53,2790,13801
1781660085.414,2,3,3,4,16,58,98,61,14779,93.61,2805,13801
1781660086.416,1,3,3,4,16,42,97,63,14779,85.51,2790,13801
1781660086.416,2,3,3,4,16,59,97,60,14779,93.79,2805,13801
1781660087.413,1,3,3,4,16,41,97,63,14779,85.46,2782,13801
1781660087.413,2,3,3,4,16,58,97,62,14779,93.67,2805,13801
1781660088.415,1,3,3,4,16,42,98,64,14779,85.55,2790,13801
1781660088.415,2,3,3,4,16,59,97,62,14779,93.97,2805,13801
1781660089.414,1,3,3,4,16,41,98,63,14779,85.41,2782,13801
1781660089.414,2,3,3,4,16,58,97,63,14779,93.86,2805,13801
1781660090.414,1,3,3,4,16,42,100,17,14779,70.95,2782,13801
1781660090.414,2,3,3,4,16,58,98,30,14779,76.24,2805,13801
1781660091.414,1,3,3,4,16,41,97,60,14779,81.00,2782,13801
1781660091.414,2,3,3,4,16,58,98,65,14779,92.80,2805,13801
1781660092.414,1,3,3,4,16,41,97,62,14779,85.42,2782,13801
1781660092.414,2,3,3,4,16,58,98,64,14779,93.93,2805,13801
1781660093.416,1,3,3,4,16,41,97,62,14779,85.61,2790,13801
1781660093.416,2,3,3,4,16,58,98,64,14779,93.92,2805,13801
1781660094.418,1,3,3,4,16,41,97,63,14779,85.63,2790,13801
1781660094.418,2,3,3,4,16,58,98,62,14779,93.75,2805,13801
1781660095.415,1,3,3,4,16,42,97,63,14779,85.40,2782,13801
1781660095.415,2,3,3,4,16,58,100,18,14779,91.76,2797,13801
1781660096.419,1,3,3,4,16,41,98,64,14779,68.78,2790,13801
1781660096.419,2,3,3,4,16,59,96,61,14779,78.81,2805,13801
1781660097.414,1,3,3,4,16,42,98,64,14779,85.39,2782,13801
1781660097.414,2,3,3,4,16,59,97,62,14779,93.82,2805,13801
1781660098.415,1,3,3,4,16,42,97,63,14779,85.66,2790,13801
1781660098.415,2,3,3,4,16,59,97,62,14779,93.93,2805,13801
1781660099.416,1,3,3,4,16,42,98,64,14779,85.54,2790,13801
1781660099.416,2,3,3,4,16,59,97,62,14779,93.74,2805,13801
1781660100.412,1,3,3,4,16,42,98,63,14779,85.56,2790,13801
1781660100.412,2,3,3,4,16,58,97,63,14779,93.79,2805,13801
1781660101.416,1,3,3,4,16,41,98,62,14779,85.49,2790,13801
1781660101.416,2,3,3,4,16,58,97,63,14779,93.86,2805,13801
1781660102.418,1,3,3,4,16,42,98,62,14779,85.51,2790,13801
1781660102.418,2,3,3,4,16,58,97,64,14779,93.95,2805,13801
1781660103.415,1,3,3,4,16,41,98,61,14779,85.43,2790,13801
1781660103.415,2,3,3,4,16,58,97,63,14779,93.97,2805,13801
1781660104.417,1,3,3,4,16,41,100,17,14779,72.61,2782,13801
1781660104.417,2,3,3,4,16,58,100,17,14779,76.29,2797,13801
1781660105.418,1,3,3,4,16,43,100,17,14779,64.15,2790,13801
1781660105.418,2,3,3,4,16,58,97,61,14779,74.25,2805,13801
1781660106.417,1,3,3,4,16,41,98,61,14779,82.39,2790,13801
1781660106.417,2,3,3,4,16,58,97,64,14779,94.09,2805,13801
1781660107.415,1,3,3,4,16,41,98,60,14779,85.13,2790,13801
1781660107.415,2,3,3,4,16,58,97,64,14779,93.61,2805,13801
1781660108.418,1,3,3,4,16,41,98,60,14779,85.23,2782,13801
1781660108.418,2,3,3,4,16,58,97,64,14779,93.77,2805,13801
1781660109.417,1,3,3,4,16,40,97,46,14779,84.75,2782,13801
1781660109.417,2,3,3,4,16,57,100,19,14779,88.97,2797,13801
1781660110.416,1,3,3,4,16,41,98,63,14779,69.62,2790,13801
1781660110.416,2,3,3,4,16,59,97,62,14779,79.03,2805,13801
1781660111.418,1,3,3,4,16,42,97,63,14779,85.07,2782,13801
1781660111.418,2,3,3,4,16,58,97,62,14779,93.48,2805,13801
1781660112.420,1,3,3,4,16,42,98,62,14779,85.07,2782,13801
1781660112.420,2,3,3,4,16,58,97,63,14779,93.53,2805,13801
1781660113.417,1,3,3,4,16,41,98,61,14779,85.32,2790,13801
1781660113.417,2,3,3,4,16,58,97,64,14779,93.67,2805,13801
1781660114.418,1,3,3,4,16,41,98,61,14779,85.38,2790,13801
1781660114.418,2,3,3,4,16,58,96,63,14779,93.75,2805,13801
1781660115.418,1,3,3,4,16,40,100,16,14779,72.39,2782,13801
1781660115.418,2,3,3,4,16,57,100,18,14779,77.93,2797,13801
1781660116.417,1,3,3,4,16,41,97,62,14779,79.32,2790,13801
1781660116.417,2,3,3,4,16,58,98,62,14779,93.08,2805,13801
1781660117.417,1,3,3,4,16,41,97,63,14779,85.59,2790,13801
1781660117.417,2,3,3,4,16,58,98,62,14779,93.76,2805,13801
1781660118.417,1,3,3,4,16,41,97,62,14779,85.63,2790,13801
1781660118.417,2,3,3,4,16,58,98,62,14779,93.64,2805,13801
1781660119.419,1,3,3,4,16,41,97,62,14779,85.59,2790,13801
1781660119.419,2,3,3,4,16,59,98,62,14779,93.67,2805,13801
1781660120.417,1,3,3,4,16,41,97,62,14779,85.53,2790,13801
1781660120.417,2,3,3,4,16,59,98,62,14779,93.93,2805,13801
1781660121.412,1,3,3,4,16,41,97,63,14779,85.67,2790,13801
1781660121.412,2,3,3,4,16,59,98,61,14779,93.89,2805,13801
1781660122.418,1,3,3,4,16,41,97,63,14779,85.15,2790,13801
1781660122.418,2,3,3,4,16,58,97,61,14779,93.26,2805,13801
1781660123.417,1,3,3,4,16,41,97,63,14779,85.50,2790,13801
1781660123.417,2,3,3,4,16,58,97,61,14779,93.80,2805,13801
1781660124.421,1,3,3,4,16,41,97,63,14779,85.37,2782,13801
1781660124.421,2,3,3,4,16,59,97,62,14779,93.86,2805,13801
1781660125.420,1,3,3,4,16,41,98,63,14779,85.53,2790,13801
1781660125.420,2,3,3,4,16,58,97,63,14779,93.80,2805,13801
1781660126.418,1,3,3,4,16,41,98,62,14779,85.51,2790,13801
1781660126.418,2,3,3,4,16,58,97,63,14779,94.01,2805,13801
1781660127.424,1,3,3,4,16,42,98,61,14779,85.50,2782,13801
1781660127.424,2,3,3,4,16,58,97,64,14779,93.96,2805,13801
1781660128.418,1,3,3,4,16,41,98,61,14779,85.40,2790,13801
1781660128.418,2,3,3,4,16,58,97,63,14779,93.99,2805,13801
1781660129.418,1,3,3,4,16,41,98,60,14779,85.46,2782,13801
1781660129.418,2,3,3,4,16,58,97,64,14779,93.86,2805,13801
1781660130.417,1,3,3,4,16,41,98,61,14779,85.39,2790,13801
1781660130.417,2,3,3,4,16,58,97,64,14779,94.03,2805,13801
1781660131.415,1,3,3,4,16,41,98,60,14779,85.42,2790,13801
1781660131.415,2,3,3,4,16,58,97,64,14779,94.07,2805,13801
1781660132.420,1,3,3,4,16,40,100,16,14779,77.20,2782,13801
1781660132.420,2,3,3,4,16,57,100,17,14779,81.38,2797,13801
1781660133.419,1,3,3,4,16,41,100,17,14779,65.45,2782,13801
1781660133.419,2,3,3,4,16,57,100,18,14779,73.51,2797,13801
1781660134.420,1,3,3,4,16,40,100,16,14779,74.61,2782,13801
1781660134.420,2,3,3,4,16,58,100,18,14779,81.58,2797,13801
1781660135.418,1,3,3,4,16,41,97,63,14779,70.68,2782,13801
1781660135.418,2,3,3,4,16,58,97,61,14779,81.97,2805,13801
1781660136.419,1,3,3,4,16,41,100,16,14779,78.63,2782,13801
1781660136.419,2,3,3,4,16,57,100,18,14779,82.31,2797,13801
1781660137.416,1,3,3,4,16,41,97,61,14779,75.08,2782,13801
1781660137.416,2,3,3,4,16,58,98,65,14779,85.56,2805,13801
1781660138.417,1,3,3,4,16,41,97,60,14779,85.33,2790,13801
1781660138.417,2,3,3,4,16,58,97,64,14779,94.02,2805,13801
1781660139.419,1,3,3,4,16,41,97,59,14779,85.25,2790,13801
1781660139.419,2,3,3,4,16,58,97,64,14779,93.75,2805,13801
1781660140.420,1,3,3,4,16,41,98,60,14779,85.50,2790,13801
1781660140.420,2,3,3,4,16,58,97,64,14779,93.94,2805,13801
1781660141.421,1,3,3,4,16,41,98,60,14779,85.47,2782,13801
1781660141.421,2,3,3,4,16,58,97,64,14779,94.15,2805,13801
1781660142.420,1,3,3,4,16,41,98,61,14779,85.43,2782,13801
1781660142.420,2,3,3,4,16,58,97,63,14779,93.88,2805,13801
1781660143.421,1,3,3,4,16,41,98,61,14779,85.39,2782,13801
1781660143.421,2,3,3,4,16,58,97,63,14779,94.00,2805,13801
1781660144.418,1,3,3,4,16,42,98,62,14779,85.59,2782,13801
1781660144.418,2,3,3,4,16,58,97,64,14779,94.06,2805,13801
1781660145.419,1,3,3,4,16,41,98,63,14779,85.63,2790,13801
1781660145.419,2,3,3,4,16,58,97,63,14779,94.04,2805,13801
1781660146.419,1,3,3,4,16,41,98,62,14779,85.54,2782,13801
1781660146.419,2,3,3,4,16,58,97,63,14779,94.03,2805,13801
1781660147.419,1,3,3,4,16,41,98,62,14779,85.53,2782,13801
1781660147.419,2,3,3,4,16,58,97,63,14779,94.04,2805,13801
1781660148.420,1,3,3,4,16,41,98,62,14779,85.42,2790,13801
1781660148.420,2,3,3,4,16,58,97,63,14779,94.05,2805,13801
1781660149.416,1,3,3,4,16,42,98,62,14779,85.44,2790,13801
1781660149.416,2,3,3,4,16,58,97,64,14779,94.09,2805,13801
1781660150.423,1,3,3,4,16,42,98,62,14779,85.43,2790,13801
1781660150.423,2,3,3,4,16,58,97,64,14779,94.01,2805,13801
1781660151.421,1,3,3,4,16,41,98,61,14779,85.42,2790,13801
1781660151.421,2,3,3,4,16,58,97,63,14779,93.89,2805,13801
1781660152.423,1,3,3,4,16,41,98,60,14779,85.26,2782,13801
1781660152.423,2,3,3,4,16,58,97,64,14779,93.99,2797,13801
1781660153.419,1,3,3,4,16,41,98,33,14779,68.11,2790,13801
1781660153.419,2,3,3,4,16,58,98,62,14779,77.31,2805,13801
1781660154.426,1,3,3,4,16,40,100,16,14779,77.76,2782,13801
1781660154.426,2,3,3,4,16,57,100,18,14779,81.83,2797,13801
1781660155.422,1,3,3,4,16,41,98,60,14779,75.74,2782,13801
1781660155.422,2,3,3,4,16,58,97,63,14779,86.07,2805,13801
1781660156.419,1,3,3,4,16,41,100,19,14779,69.66,2790,13801
1781660156.419,2,3,3,4,16,58,98,64,14779,76.14,2805,13801
1781660157.418,1,3,3,4,16,41,97,62,14779,83.26,2782,13801
1781660157.418,2,3,3,4,16,58,98,64,14779,93.62,2805,13801
1781660158.419,1,3,3,4,16,41,97,61,14779,85.37,2790,13801
1781660158.419,2,3,3,4,16,58,98,63,14779,93.65,2805,13801
1781660159.419,1,3,3,4,16,41,97,61,14779,85.46,2790,13801
1781660159.419,2,3,3,4,16,58,98,63,14779,93.67,2805,13801
1781660160.421,1,3,3,4,16,41,97,62,14779,85.41,2790,13801
1781660160.421,2,3,3,4,16,58,98,64,14779,93.70,2805,13801
1781660161.419,1,3,3,4,16,41,97,62,14779,85.36,2790,13801
1781660161.419,2,3,3,4,16,59,98,64,14779,93.88,2805,13801
1781660162.421,1,3,3,4,16,41,96,62,14779,85.18,2790,13801
1781660162.421,2,3,3,4,16,58,98,62,14779,93.64,2805,13801
1781660163.423,1,3,3,4,16,41,96,62,14779,85.21,2790,13801
1781660163.423,2,3,3,4,16,59,98,61,14779,93.62,2805,13801
1781660164.423,1,3,3,4,16,41,97,63,14779,85.29,2790,13801
1781660164.423,2,3,3,4,16,58,98,62,14779,93.51,2805,13801
1781660165.423,1,3,3,4,16,41,97,63,14779,85.28,2790,13801
1781660165.423,2,3,3,4,16,58,98,61,14779,93.78,2805,13801
1781660166.424,1,3,3,4,16,41,97,63,14779,85.49,2790,13801
1781660166.424,2,3,3,4,16,58,97,61,14779,93.62,2805,13801
1781660167.420,1,3,3,4,16,40,100,17,14779,70.57,2782,13801
1781660167.420,2,3,3,4,16,57,98,33,14779,76.29,2805,13801
1781660168.423,1,3,3,4,16,41,98,60,14779,80.95,2790,13801
1781660168.423,2,3,3,4,16,58,97,64,14779,92.91,2805,13801
1781660169.422,1,3,3,4,16,41,98,60,14779,85.40,2782,13801
1781660169.422,2,3,3,4,16,58,97,64,14779,93.83,2805,13801
1781660170.419,1,3,3,4,16,41,98,60,14779,85.20,2782,13801
1781660170.419,2,3,3,4,16,58,97,64,14779,94.03,2805,13801
1781660171.420,1,3,3,4,16,41,97,59,14779,85.37,2790,13801
1781660171.420,2,3,3,4,16,59,97,64,14779,94.03,2805,13801
1781660172.423,1,3,3,4,16,41,97,60,14779,85.27,2782,13801
1781660172.423,2,3,3,4,16,58,97,64,14779,93.95,2797,13801
1781660173.424,1,3,3,4,16,42,100,23,14779,67.58,2782,13801
1781660173.424,2,3,3,4,16,58,97,64,14779,76.80,2805,13801
1781660174.423,1,3,3,4,16,41,98,61,14779,83.68,2782,13801
1781660174.423,2,3,3,4,16,58,100,18,14779,90.16,2797,13801
1781660175.423,1,3,3,4,16,41,97,62,14779,67.85,2790,13801
1781660175.423,2,3,3,4,16,58,98,61,14779,78.73,2805,13801
1781660176.420,1,3,3,4,16,41,97,63,14779,85.04,2790,13801
1781660176.420,2,3,3,4,16,58,98,62,14779,93.29,2805,13801
1781660177.423,1,3,3,4,16,41,97,63,14779,85.22,2782,13801
1781660177.423,2,3,3,4,16,58,98,62,14779,93.34,2805,13801
1781660178.422,1,3,3,4,16,41,97,63,14779,85.15,2782,13801
1781660178.422,2,3,3,4,16,58,98,61,14779,93.37,2805,13801
1781660179.423,1,3,3,4,16,41,97,63,14779,85.32,2782,13801
1781660179.423,2,3,3,4,16,58,97,61,14779,93.60,2805,13801
1781660180.424,1,3,3,4,16,40,100,16,14779,77.84,2782,13801
1781660180.424,2,3,3,4,16,58,100,18,14779,82.20,2797,13801
1781660181.423,1,3,3,4,16,41,98,60,14779,74.05,2790,13801
1781660181.423,2,3,3,4,16,58,97,64,14779,85.55,2805,13801
1781660182.422,1,3,3,4,16,41,96,62,14779,83.33,2782,13801
1781660182.422,2,3,3,4,16,58,97,46,14779,90.46,2797,13801
1781660183.425,1,3,3,4,16,41,97,59,14779,67.80,2782,13801
1781660183.425,2,3,3,4,16,58,97,64,14779,77.28,2805,13801
1781660184.423,1,3,3,4,16,41,98,60,14779,85.15,2790,13801
1781660184.423,2,3,3,4,16,58,97,64,14779,93.73,2805,13801
1781660185.423,1,3,3,4,16,41,98,60,14779,85.16,2790,13801
1781660185.423,2,3,3,4,16,58,97,64,14779,93.69,2805,13801
1781660186.421,1,3,3,4,16,41,98,61,14779,85.34,2790,13801
1781660186.421,2,3,3,4,16,58,97,64,14779,93.71,2805,13801
1781660187.424,1,3,3,4,16,41,98,60,14779,85.11,2782,13801
1781660187.424,2,3,3,4,16,58,97,64,14779,93.65,2805,13801
1781660188.423,1,3,3,4,16,41,98,60,14779,85.22,2790,13801
1781660188.423,2,3,3,4,16,58,97,64,14779,93.83,2805,13801
1781660189.422,1,3,3,4,16,41,98,60,14779,85.23,2782,13801
1781660189.422,2,3,3,4,16,58,97,64,14779,93.95,2805,13801
1781660190.424,1,3,3,4,16,41,98,60,14779,85.22,2782,13801
1781660190.424,2,3,3,4,16,58,97,64,14779,93.85,2805,13801
1781660191.423,1,3,3,4,16,41,98,60,14779,85.22,2790,13801
1781660191.423,2,3,3,4,16,58,97,64,14779,93.94,2805,13801
1781660192.425,1,3,3,4,16,41,98,60,14779,85.15,2790,13801
1781660192.425,2,3,3,4,16,58,97,64,14779,93.68,2805,13801
1781660193.424,1,3,3,4,16,41,98,61,14779,85.08,2782,13801
1781660193.424,2,3,3,4,16,58,97,64,14779,93.87,2805,13801
1781660194.421,1,3,3,4,16,40,100,16,14779,71.16,2782,13801
1781660194.421,2,3,3,4,16,58,100,21,14779,75.23,2805,13801
1781660195.424,1,3,3,4,16,41,97,63,14779,82.39,2790,13801
1781660195.424,2,3,3,4,16,58,98,61,14779,91.94,2805,13801
1781660196.423,1,3,3,4,16,41,97,63,14779,85.45,2790,13801
1781660196.423,2,3,3,4,16,58,98,61,14779,93.27,2805,13801
1781660197.423,1,3,3,4,16,41,100,17,14779,75.83,2782,13801
1781660197.423,2,3,3,4,16,57,100,17,14779,78.74,2797,13801
1781660198.424,1,3,3,4,16,41,97,60,14779,78.14,2790,13801
1781660198.424,2,3,3,4,16,58,97,64,14779,88.10,2805,13801
1781660199.422,1,3,3,4,16,41,97,61,14779,85.23,2790,13801
1781660199.422,2,3,3,4,16,58,98,65,14779,93.39,2805,13801
1781660200.422,1,3,3,4,16,41,100,17,14779,74.07,2782,13801
1781660200.422,2,3,3,4,16,57,100,18,14779,76.70,2797,13801
1781660201.423,1,3,3,4,16,41,98,63,14779,78.84,2790,13801
1781660201.423,2,3,3,4,16,58,97,63,14779,92.40,2805,13801
1781660202.427,1,3,3,4,16,41,98,63,14779,85.31,2790,13801
1781660202.427,2,3,3,4,16,58,97,63,14779,93.71,2805,13801
1781660203.424,1,3,3,4,16,41,98,62,14779,85.19,2790,13801
1781660203.424,2,3,3,4,16,58,97,63,14779,93.62,2805,13801
1781660204.423,1,3,3,4,16,41,98,62,14779,85.37,2790,13801
1781660204.423,2,3,3,4,16,58,97,63,14779,93.65,2805,13801
1781660205.425,1,3,3,4,16,42,98,62,14779,85.20,2790,13801
1781660205.425,2,3,3,4,16,58,97,64,14779,93.63,2805,13801
1781660206.423,1,3,3,4,16,41,98,61,14779,85.11,2790,13801
1781660206.423,2,3,3,4,16,59,97,63,14779,93.63,2805,13801
1781660207.423,1,3,3,4,16,41,98,60,14779,85.28,2790,13801
1781660207.423,2,3,3,4,16,59,97,64,14779,93.77,2805,13801
1781660208.423,1,3,3,4,16,40,100,17,14779,74.13,2782,13801
1781660208.423,2,3,3,4,16,57,100,18,14779,78.14,2797,13801
1781660209.423,1,3,3,4,16,41,97,62,14779,78.20,2782,13801
1781660209.423,2,3,3,4,16,58,98,63,14779,89.57,2805,13801
1781660210.425,1,3,3,4,16,41,97,62,14779,85.41,2782,13801
1781660210.425,2,3,3,4,16,58,98,64,14779,93.73,2805,13801
1781660211.423,1,3,3,4,16,41,97,62,14779,85.59,2790,13801
1781660211.423,2,3,3,4,16,58,98,64,14779,93.66,2805,13801
1781660212.425,1,3,3,4,16,41,97,62,14779,85.40,2782,13801
1781660212.425,2,3,3,4,16,58,98,63,14779,93.59,2805,13801
1781660213.423,1,3,3,4,16,41,97,62,14779,85.36,2782,13801
1781660213.423,2,3,3,4,16,58,98,63,14779,93.64,2805,13801
1781660214.427,1,3,3,4,16,41,97,62,14779,85.31,2782,13801
1781660214.427,2,3,3,4,16,58,98,61,14779,93.91,2805,13801
1781660215.423,1,3,3,4,16,41,97,63,14779,85.36,2782,13801
1781660215.423,2,3,3,4,16,58,98,62,14779,93.56,2805,13801
1781660216.424,1,3,3,4,16,41,100,17,14779,79.43,2782,13801
1781660216.424,2,3,3,4,16,59,100,18,14779,84.38,2797,13801
1781660217.425,1,3,3,4,16,41,97,59,14779,72.77,2782,13801
1781660217.425,2,3,3,4,16,58,96,64,14779,85.72,2805,13801
1781660218.429,1,3,3,4,16,41,97,60,14779,85.36,2790,13801
1781660218.429,2,3,3,4,16,58,96,64,14779,93.64,2805,13801
1781660219.426,1,3,3,4,16,41,97,60,14779,85.58,2782,13801
1781660219.426,2,3,3,4,16,58,98,65,14779,93.86,2805,13801
1781660220.425,1,3,3,4,16,41,97,61,14779,85.53,2790,13801
1781660220.425,2,3,3,4,16,58,98,65,14779,93.85,2805,13801
1781660221.427,1,3,3,4,16,41,97,61,14779,85.57,2782,13801
1781660221.427,2,3,3,4,16,58,98,64,14779,93.57,2805,13801
1781660222.426,1,3,3,4,16,41,97,62,14779,85.57,2782,13801
1781660222.426,2,3,3,4,16,58,98,63,14779,93.69,2805,13801
1781660223.425,1,3,3,4,16,41,97,62,14779,85.60,2782,13801
1781660223.425,2,3,3,4,16,58,98,63,14779,93.54,2805,13801
1781660224.425,1,3,3,4,16,41,100,16,14779,70.99,2782,13801
1781660224.425,2,3,3,4,16,57,100,17,14779,77.19,2797,13801
1781660225.426,1,3,3,4,16,40,100,16,14779,67.50,2782,13801
1781660225.426,2,3,3,4,16,57,100,18,14779,75.03,2797,13801
1781660226.424,1,3,3,4,16,41,97,63,14779,81.45,2790,13801
1781660226.424,2,3,3,4,16,58,98,61,14779,90.62,2805,13801
1781660227.426,1,3,3,4,16,41,97,63,14779,85.22,2790,13801
1781660227.426,2,3,3,4,16,58,98,61,14779,93.25,2805,13801
1781660228.427,1,3,3,4,16,41,97,63,14779,85.35,2782,13801
1781660228.427,2,3,3,4,16,58,97,61,14779,93.59,2805,13801
1781660229.423,1,3,3,4,16,41,97,63,14779,85.16,2782,13801
1781660229.423,2,3,3,4,16,58,97,62,14779,93.61,2805,13801
1781660230.427,1,3,3,4,16,41,98,63,14779,85.35,2790,13801
1781660230.427,2,3,3,4,16,58,97,63,14779,93.79,2805,13801
1781660231.426,1,3,3,4,16,42,98,61,14779,85.42,2790,13801
1781660231.426,2,3,3,4,16,58,97,64,14779,93.83,2805,13801
1781660232.429,1,3,3,4,16,41,98,60,14779,85.42,2790,13801
1781660232.429,2,3,3,4,16,59,96,64,14779,93.77,2805,13801
1781660233.425,1,3,3,4,16,41,100,16,14779,71.64,2782,13801
1781660233.425,2,3,3,4,16,59,100,17,14779,77.94,2797,13801
1781660234.427,1,3,3,4,16,41,97,63,14779,79.87,2790,13801
1781660234.427,2,3,3,4,16,58,98,61,14779,89.19,2805,13801
1781660235.429,1,3,3,4,16,41,97,63,14779,85.31,2790,13801
1781660235.429,2,3,3,4,16,58,98,62,14779,93.67,2805,13801
1781660236.428,1,3,3,4,16,40,100,17,14779,69.75,2782,13801
1781660236.428,2,3,3,4,16,58,98,34,14779,76.14,2805,13801
1781660237.427,1,3,3,4,16,41,98,60,14779,85.61,2790,13801
1781660237.427,2,3,3,4,16,58,97,64,14779,93.75,2805,13801
1781660238.426,1,3,3,4,16,41,98,60,14779,85.59,2790,13801
1781660238.426,2,3,3,4,16,59,97,64,14779,93.99,2805,13801
1781660239.426,1,3,3,4,16,41,98,60,14779,85.44,2790,13801
1781660239.426,2,3,3,4,16,59,97,64,14779,93.76,2805,13801
1781660240.426,1,3,3,4,16,41,98,60,14779,85.43,2790,13801
1781660240.426,2,3,3,4,16,59,97,64,14779,93.73,2805,13801
1781660241.431,1,3,3,4,16,41,98,60,14779,85.51,2790,13801
1781660241.431,2,3,3,4,16,58,97,64,14779,93.66,2805,13801
1781660242.424,1,3,3,4,16,41,97,60,14779,84.88,2790,13801
1781660242.424,2,3,3,4,16,58,97,64,14779,93.18,2805,13801
1781660243.423,1,3,3,4,16,41,97,60,14779,85.17,2790,13801
1781660243.423,2,3,3,4,16,58,97,64,14779,93.90,2805,13801
1781660244.424,1,3,3,4,16,41,97,61,14779,83.79,2782,13801
1781660244.424,2,3,3,4,16,58,100,18,14779,90.73,2797,13801
1781660245.430,1,3,3,4,16,41,98,63,14779,69.52,2782,13801
1781660245.430,2,3,3,4,16,58,97,63,14779,77.78,2805,13801
1781660246.427,1,3,3,4,16,41,98,63,14779,85.32,2790,13801
1781660246.427,2,3,3,4,16,59,97,63,14779,93.98,2805,13801
1781660247.427,1,3,3,4,16,41,98,62,14779,85.46,2782,13801
1781660247.427,2,3,3,4,16,59,97,63,14779,93.79,2805,13801
1781660248.426,1,3,3,4,16,41,98,62,14779,85.29,2790,13801
1781660248.426,2,3,3,4,16,59,97,64,14779,93.63,2805,13801
1781660249.428,1,3,3,4,16,41,98,61,14779,85.33,2782,13801
1781660249.428,2,3,3,4,16,58,97,64,14779,93.65,2805,13801
1781660250.426,1,3,3,4,16,41,97,62,14779,85.31,2790,13801
1781660250.426,2,3,3,4,16,59,97,63,14779,93.71,2805,13801
1781660251.427,1,3,3,4,16,41,97,63,14779,85.52,2790,13801
1781660251.427,2,3,3,4,16,58,97,64,14779,93.78,2805,13801
1781660252.427,1,3,3,4,16,41,100,16,14779,70.39,2782,13801
1781660252.427,2,3,3,4,16,57,100,18,14779,76.60,2797,13801
1781660253.427,1,3,3,4,16,40,100,16,14779,74.89,2782,13801
1781660253.427,2,3,3,4,16,58,100,18,14779,82.95,2797,13801
1781660254.428,1,3,3,4,16,41,97,61,14779,75.09,2790,13801
1781660254.428,2,3,3,4,16,58,97,64,14779,82.93,2805,13801
1781660255.429,1,3,3,4,16,41,97,62,14779,85.33,2790,13801
1781660255.429,2,3,3,4,16,58,97,63,14779,93.67,2805,13801
1781660256.427,1,3,3,4,16,41,97,62,14779,85.26,2790,13801
1781660256.427,2,3,3,4,16,59,97,63,14779,93.68,2805,13801
1781660257.429,1,3,3,4,16,41,97,63,14779,85.19,2790,13801
1781660257.429,2,3,3,4,16,58,97,64,14779,93.72,2805,13801
1781660258.428,1,3,3,4,16,41,97,62,14779,85.30,2790,13801
1781660258.428,2,3,3,4,16,59,97,64,14779,93.78,2805,13801
1781660259.428,1,3,3,4,16,41,97,62,14779,85.38,2790,13801
1781660259.428,2,3,3,4,16,59,97,64,14779,93.76,2805,13801
1781660260.427,1,3,3,4,16,41,97,57,14779,85.25,2782,13801
1781660260.427,2,3,3,4,16,59,98,32,14779,92.13,2797,13801
1781660261.429,1,3,3,4,16,41,98,62,14779,68.79,2790,13801
1781660261.429,2,3,3,4,16,58,98,62,14779,77.94,2805,13801
1781660262.428,1,3,3,4,16,41,98,62,14779,85.35,2790,13801
1781660262.428,2,3,3,4,16,58,98,62,14779,93.65,2805,13801
1781660263.426,1,3,3,4,16,41,98,63,14779,85.50,2790,13801
1781660263.426,2,3,3,4,16,58,98,63,14779,93.85,2805,13801
1781660264.429,1,3,3,4,16,41,98,62,14779,85.53,2790,13801
1781660264.429,2,3,3,4,16,58,98,63,14779,93.72,2805,13801
1781660265.428,1,3,3,4,16,41,98,62,14779,85.57,2790,13801
1781660265.428,2,3,3,4,16,58,98,62,14779,93.80,2805,13801
1781660266.428,1,3,3,4,16,41,98,63,14779,85.64,2790,13801
1781660266.428,2,3,3,4,16,58,98,62,14779,93.85,2805,13801
1781660267.426,1,3,3,4,16,41,98,62,14779,85.43,2790,13801
1781660267.426,2,3,3,4,16,58,98,61,14779,93.83,2805,13801
1781660268.428,1,3,3,4,16,41,98,61,14779,85.55,2790,13801
1781660268.428,2,3,3,4,16,58,98,62,14779,93.75,2805,13801
1781660269.432,1,3,3,4,16,41,98,61,14779,85.44,2790,13801
1781660269.432,2,3,3,4,16,58,98,62,14779,93.95,2805,13801
1781660270.429,1,3,3,4,16,40,100,17,14779,81.57,2782,13801
1781660270.429,2,3,3,4,16,57,100,18,14779,88.54,2797,13801
1781660271.430,1,3,3,4,16,41,97,61,14779,71.45,2790,13801
1781660271.430,2,3,3,4,16,58,97,63,14779,80.53,2805,13801
1781660272.429,1,3,3,4,16,41,97,61,14779,85.53,2782,13801
1781660272.429,2,3,3,4,16,59,97,63,14779,93.90,2805,13801
1781660273.434,1,3,3,4,16,41,97,62,14779,85.41,2782,13801
1781660273.434,2,3,3,4,16,59,97,64,14779,93.79,2805,13801
1781660274.428,1,3,3,4,16,41,97,63,14779,85.39,2790,13801
1781660274.428,2,3,3,4,16,58,97,64,14779,93.80,2805,13801
1781660275.432,1,3,3,4,16,41,97,62,14779,85.44,2790,13801
1781660275.432,2,3,3,4,16,59,97,64,14779,93.99,2805,13801
1781660276.430,1,3,3,4,16,41,100,16,14779,71.76,2782,13801
1781660276.430,2,3,3,4,16,58,100,18,14779,78.01,2797,13801
1781660277.434,1,3,3,4,16,41,98,60,14779,79.86,2790,13801
1781660277.434,2,3,3,4,16,58,98,61,14779,89.18,2805,13801
1781660278.431,1,3,3,4,16,41,98,60,14779,85.40,2790,13801
1781660278.431,2,3,3,4,16,58,97,61,14779,93.71,2805,13801
1781660279.432,1,3,3,4,16,41,98,60,14779,85.22,2790,13801
1781660279.432,2,3,3,4,16,58,97,62,14779,93.57,2805,13801
1781660280.430,1,3,3,4,16,41,97,59,14779,85.40,2782,13801
1781660280.430,2,3,3,4,16,59,97,63,14779,93.65,2797,13801
1781660281.431,1,3,3,4,16,41,97,62,14779,68.60,2790,13801
1781660281.431,2,3,3,4,16,58,98,65,14779,77.88,2805,13801
1781660282.431,1,3,3,4,16,41,96,62,14779,85.47,2790,13801
1781660282.431,2,3,3,4,16,58,97,63,14779,93.45,2805,13801
1781660283.425,1,3,3,4,16,40,100,16,14779,76.57,2782,13801
1781660283.425,2,3,3,4,16,58,100,19,14779,83.22,2797,13801
1781660284.430,1,3,3,4,16,41,97,60,14779,75.33,2782,13801
1781660284.430,2,3,3,4,16,58,97,63,14779,84.58,2805,13801
1781660285.433,1,3,3,4,16,41,100,16,14779,74.67,2782,13801
1781660285.433,2,3,3,4,16,58,100,18,14779,80.91,2797,13801
1781660286.431,1,3,3,4,16,41,98,63,14779,77.74,2782,13801
1781660286.431,2,3,3,4,16,58,98,63,14779,86.82,2805,13801
1781660287.428,1,3,3,4,16,41,97,63,14779,85.46,2790,13801
1781660287.428,2,3,3,4,16,58,97,63,14779,93.59,2805,13801
1781660288.430,1,3,3,4,16,41,98,64,14779,85.29,2790,13801
1781660288.430,2,3,3,4,16,58,97,62,14779,93.46,2805,13801
1781660289.429,1,3,3,4,16,41,98,63,14779,85.51,2790,13801
1781660289.429,2,3,3,4,16,58,98,62,14779,93.52,2805,13801
1781660290.428,1,3,3,4,16,41,98,63,14779,85.55,2782,13801
1781660290.428,2,3,3,4,16,58,98,62,14779,93.74,2805,13801
1781660291.430,1,3,3,4,16,41,98,63,14779,85.50,2790,13801
1781660291.430,2,3,3,4,16,58,98,62,14779,93.79,2805,13801
1781660292.430,1,3,3,4,16,41,98,63,14779,85.36,2782,13801
1781660292.430,2,3,3,4,16,58,98,63,14779,93.63,2805,13801
1781660293.431,1,3,3,4,16,41,98,62,14779,85.35,2790,13801
1781660293.431,2,3,3,4,16,58,98,62,14779,93.86,2805,13801
1781660294.429,1,3,3,4,16,41,98,62,14779,85.18,2790,13801
1781660294.429,2,3,3,4,16,58,98,61,14779,93.44,2805,13801
1781660295.433,1,3,3,4,16,41,98,61,14779,85.19,2790,13801
1781660295.433,2,3,3,4,16,58,98,61,14779,93.51,2805,13801
1781660296.434,1,3,3,4,16,41,100,17,14779,79.95,2782,13801
1781660296.434,2,3,3,4,16,58,100,18,14779,86.65,2797,13801
1781660297.433,1,3,3,4,16,41,97,62,14779,72.78,2790,13801
1781660297.433,2,3,3,4,16,58,97,64,14779,83.09,2805,13801
1781660298.431,1,3,3,4,16,41,97,62,14779,85.42,2790,13801
1781660298.431,2,3,3,4,16,58,97,64,14779,93.75,2805,13801
1781660299.431,1,3,3,4,16,41,97,62,14779,85.47,2790,13801
1781660299.431,2,3,3,4,16,59,97,64,14779,93.83,2805,13801
1781660300.431,1,3,3,4,16,41,97,62,14779,85.58,2790,13801
1781660300.431,2,3,3,4,16,59,97,64,14779,93.67,2805,13801
1781660301.433,1,3,3,4,16,41,97,63,14779,85.47,2790,13801
1781660301.433,2,3,3,4,16,58,97,64,14779,93.72,2805,13801
1781660302.434,1,3,3,4,16,41,100,16,14779,82.12,2782,13801
1781660302.434,2,3,3,4,16,59,100,17,14779,89.37,2797,13801
1781660303.431,1,3,3,4,16,41,98,61,14779,70.89,2790,13801
1781660303.431,2,3,3,4,16,58,98,61,14779,80.70,2805,13801
1781660304.436,1,3,3,4,16,40,100,17,14779,71.09,2782,13801
1781660304.436,2,3,3,4,16,57,100,19,14779,78.60,2797,13801
1781660305.430,1,3,3,4,16,41,97,61,14779,82.72,2782,13801
1781660305.430,2,3,3,4,16,58,97,64,14779,92.23,2805,13801
1781660306.432,1,3,3,4,16,41,97,61,14779,85.46,2790,13801
1781660306.432,2,3,3,4,16,58,97,63,14779,93.52,2805,13801
1781660307.435,1,3,3,4,16,41,97,62,14779,85.42,2790,13801
1781660307.435,2,3,3,4,16,59,97,64,14779,93.67,2805,13801
1781660308.433,1,3,3,4,16,41,100,17,14779,71.85,2782,13801
1781660308.433,2,3,3,4,16,57,100,18,14779,77.98,2797,13801
1781660309.435,1,3,3,4,16,41,97,63,14779,80.25,2790,13801
1781660309.435,2,3,3,4,16,58,97,62,14779,89.34,2805,13801
1781660310.432,1,3,3,4,16,41,97,62,14779,85.24,2790,13801
1781660310.432,2,3,3,4,16,58,98,62,14779,93.53,2805,13801
1781660311.435,1,3,3,4,16,41,98,61,14779,85.04,2790,13801
1781660311.435,2,3,3,4,16,58,98,62,14779,93.34,2805,13801
1781660312.433,1,3,3,4,16,42,98,60,14779,85.19,2790,13801
1781660312.433,2,3,3,4,16,58,98,61,14779,93.64,2805,13801
1781660313.435,1,3,3,4,16,41,100,17,14779,76.85,2782,13801
1781660313.435,2,3,3,4,16,59,100,17,14779,83.68,2797,13801
1781660314.431,1,3,3,4,16,41,97,63,14779,74.96,2790,13801
1781660314.431,2,3,3,4,16,58,97,64,14779,84.22,2805,13801
1781660315.432,1,3,3,4,16,41,97,63,14779,85.29,2790,13801
1781660315.432,2,3,3,4,16,58,97,64,14779,93.71,2805,13801
1781660316.431,1,3,3,4,16,41,97,63,14779,85.38,2790,13801
1781660316.431,2,3,3,4,16,58,97,64,14779,93.88,2805,13801
1781660317.433,1,3,3,4,16,41,97,63,14779,85.22,2790,13801
1781660317.433,2,3,3,4,16,58,98,64,14779,93.51,2805,13801
1781660318.433,1,3,3,4,16,40,100,17,14779,73.57,2782,13801
1781660318.433,2,3,3,4,16,57,100,18,14779,81.21,2797,13801
1781660319.433,1,3,3,4,16,42,98,60,14779,78.67,2782,13801
1781660319.433,2,3,3,4,16,58,98,61,14779,89.32,2805,13801
1781660320.432,1,3,3,4,16,42,98,60,14779,85.42,2790,13801
1781660320.432,2,3,3,4,16,58,98,61,14779,93.57,2805,13801
1781660321.433,1,3,3,4,16,42,98,60,14779,85.48,2790,13801
1781660321.433,2,3,3,4,16,58,98,61,14779,93.44,2805,13801
1781660322.436,1,3,3,4,16,42,98,60,14779,85.50,2790,13801
1781660322.436,2,3,3,4,16,58,98,61,14779,93.41,2805,13801
1781660323.433,1,3,3,4,16,42,98,60,14779,85.46,2782,13801
1781660323.433,2,3,3,4,16,58,98,61,14779,93.68,2805,13801
1781660324.436,1,3,3,4,16,42,98,60,14779,85.44,2790,13801
1781660324.436,2,3,3,4,16,58,98,61,14779,93.84,2805,13801
1781660325.436,1,3,3,4,16,41,98,61,14779,85.58,2790,13801
1781660325.436,2,3,3,4,16,58,97,61,14779,93.65,2805,13801
1781660326.435,1,3,3,4,16,41,98,61,14779,85.64,2790,13801
1781660326.435,2,3,3,4,16,58,97,61,14779,93.72,2805,13801
1781660327.432,1,3,3,4,16,41,98,60,14779,85.39,2790,13801
1781660327.432,2,3,3,4,16,58,97,62,14779,93.95,2805,13801
1781660328.436,1,3,3,4,16,41,97,43,14779,84.88,2782,13801
1781660328.436,2,3,3,4,16,57,99,18,14779,91.93,2797,13801
1781660329.432,1,3,3,4,16,41,97,62,14779,70.39,2782,13801
1781660329.432,2,3,3,4,16,59,96,64,14779,77.80,2805,13801
1781660330.440,1,3,3,4,16,41,97,63,14779,85.57,2790,13801
1781660330.440,2,3,3,4,16,58,97,64,14779,93.70,2805,13801
1781660331.432,1,3,3,4,16,41,100,17,14779,70.50,2782,13801
1781660331.432,2,3,3,4,16,57,100,18,14779,76.72,2797,13801
1781660332.437,1,3,3,4,16,40,100,16,14779,80.60,2782,13801
1781660332.437,2,3,3,4,16,57,100,18,14779,87.13,2797,13801
1781660333.435,1,3,3,4,16,41,97,61,14779,70.04,2782,13801
1781660333.435,2,3,3,4,16,59,96,63,14779,78.96,2805,13801
1781660334.434,1,3,3,4,16,41,98,51,14779,68.20,2790,13801
1781660334.434,2,3,3,4,16,58,98,61,14779,75.55,2805,13801
1781660335.436,1,3,3,4,16,41,98,62,14779,85.49,2790,13801
1781660335.436,2,3,3,4,16,58,98,62,14779,93.41,2805,13801
1781660336.434,1,3,3,4,16,41,98,63,14779,85.46,2782,13801
1781660336.434,2,3,3,4,16,58,98,62,14779,93.53,2805,13801
1781660337.433,1,3,3,4,16,41,98,63,14779,85.48,2790,13801
1781660337.433,2,3,3,4,16,58,98,62,14779,93.55,2805,13801
1781660338.434,1,3,3,4,16,41,98,63,14779,85.43,2790,13801
1781660338.434,2,3,3,4,16,58,98,62,14779,93.63,2805,13801
1781660339.436,1,3,3,4,16,41,98,63,14779,85.48,2790,13801
1781660339.436,2,3,3,4,16,58,98,62,14779,93.68,2805,13801
1781660340.433,1,3,3,4,16,41,98,64,14779,85.56,2790,13801
1781660340.433,2,3,3,4,16,58,98,63,14779,93.70,2805,13801
1781660341.433,1,3,3,4,16,41,98,63,14779,85.66,2790,13801
1781660341.433,2,3,3,4,16,58,98,62,14779,93.62,2805,13801
1781660342.433,1,3,3,4,16,41,98,62,14779,85.50,2790,13801
1781660342.433,2,3,3,4,16,58,98,62,14779,93.61,2805,13801
1781660343.434,1,3,3,4,16,41,98,62,14779,85.59,2790,13801
1781660343.434,2,3,3,4,16,58,98,61,14779,93.68,2805,13801
1781660344.434,1,3,3,4,16,41,98,61,14779,85.28,2790,13801
1781660344.434,2,3,3,4,16,58,98,62,14779,93.41,2805,13801
1781660345.437,1,3,3,4,16,42,98,60,14779,85.31,2790,13801
1781660345.437,2,3,3,4,16,58,98,61,14779,93.47,2805,13801
1781660346.437,1,3,3,4,16,41,98,60,14779,85.36,2790,13801
1781660346.437,2,3,3,4,16,58,97,61,14779,93.30,2805,13801
1781660347.435,1,3,3,4,16,41,98,60,14779,85.22,2790,13801
1781660347.435,2,3,3,4,16,58,97,62,14779,93.78,2805,13801
1781660348.436,1,3,3,4,16,41,97,59,14779,85.52,2790,13801
1781660348.436,2,3,3,4,16,59,97,63,14779,93.85,2805,13801
1781660349.436,1,3,3,4,16,40,100,17,14779,74.84,2782,13801
1781660349.436,2,3,3,4,16,58,100,19,14779,82.23,2797,13801
1781660350.438,1,3,3,4,16,41,97,63,14779,78.04,2790,13801
1781660350.438,2,3,3,4,16,58,97,64,14779,87.22,2805,13801
1781660351.436,1,3,3,4,16,41,97,63,14779,85.52,2790,13801
1781660351.436,2,3,3,4,16,58,98,65,14779,93.72,2805,13801
1781660352.436,1,3,3,4,16,40,100,17,14779,72.38,2782,13801
1781660352.436,2,3,3,4,16,57,100,18,14779,78.52,2797,13801
1781660353.437,1,3,3,4,16,41,98,60,14779,79.94,2790,13801
1781660353.437,2,3,3,4,16,58,97,61,14779,89.22,2805,13801
1781660354.440,1,3,3,4,16,41,98,60,14779,85.20,2790,13801
1781660354.440,2,3,3,4,16,58,97,62,14779,93.44,2805,13801
1781660355.438,1,3,3,4,16,41,100,17,14779,81.92,2782,13801
1781660355.438,2,3,3,4,16,57,100,18,14779,88.38,2797,13801
1781660356.441,1,3,3,4,16,41,97,63,14779,70.89,2790,13801
1781660356.441,2,3,3,4,16,58,98,64,14779,79.55,2805,13801
1781660357.436,1,3,3,4,16,41,97,63,14779,85.41,2782,13801
1781660357.436,2,3,3,4,16,58,98,63,14779,93.43,2805,13801
1781660358.434,1,3,3,4,16,41,98,63,14779,85.24,2790,13801
1781660358.434,2,3,3,4,16,58,98,63,14779,93.41,2805,13801
1781660359.437,1,3,3,4,16,41,98,62,14779,85.37,2782,13801
1781660359.437,2,3,3,4,16,58,98,61,14779,93.71,2805,13801
1781660360.435,1,3,3,4,16,41,98,37,14779,68.30,2782,13801
1781660360.435,2,3,3,4,16,58,97,61,14779,77.34,2805,13801
1781660361.437,1,3,3,4,16,41,96,54,14779,84.39,2782,13801
1781660361.437,2,3,3,4,16,58,98,30,14779,91.72,2797,13801
1781660362.432,1,3,3,4,16,41,98,61,14779,68.40,2790,13801
1781660362.432,2,3,3,4,16,58,98,62,14779,77.29,2805,13801
1781660363.436,1,3,3,4,16,41,98,61,14779,84.76,2782,13801
1781660363.436,2,3,3,4,16,58,97,60,14779,93.14,2805,13801
1781660364.434,1,3,3,4,16,41,98,60,14779,85.35,2790,13801
1781660364.434,2,3,3,4,16,58,97,61,14779,93.84,2805,13801
1781660365.436,1,3,3,4,16,42,98,60,14779,85.18,2790,13801
1781660365.436,2,3,3,4,16,58,98,61,14779,93.75,2805,13801
1781660366.438,1,3,3,4,16,41,98,61,14779,85.06,2782,13801
1781660366.438,2,3,3,4,16,58,96,60,14779,93.72,2805,13801
1781660367.435,1,3,3,4,16,41,98,60,14779,85.13,2790,13801
1781660367.435,2,3,3,4,16,58,97,62,14779,93.70,2805,13801
1781660368.436,1,3,3,4,16,41,98,60,14779,85.03,2790,13801
1781660368.436,2,3,3,4,16,58,97,61,14779,93.87,2805,13801
1781660369.434,1,3,3,4,16,41,98,60,14779,85.31,2790,13801
1781660369.434,2,3,3,4,16,58,97,62,14779,93.85,2805,13801
1781660370.437,1,3,3,4,16,41,98,60,14779,85.33,2790,13801
1781660370.437,2,3,3,4,16,58,97,62,14779,93.79,2805,13801
1781660371.440,1,3,3,4,16,41,97,59,14779,85.18,2790,13801
1781660371.440,2,3,3,4,16,59,97,63,14779,93.88,2805,13801
1781660372.441,1,3,3,4,16,41,97,60,14779,85.32,2790,13801
1781660372.441,2,3,3,4,16,59,97,64,14779,93.86,2805,13801
1781660373.440,1,3,3,4,16,40,100,17,14779,78.93,2782,13801
1781660373.440,2,3,3,4,16,57,100,19,14779,85.92,2797,13801
1781660374.442,1,3,3,4,16,41,97,63,14779,73.76,2790,13801
1781660374.442,2,3,3,4,16,58,98,64,14779,82.92,2805,13801
1781660375.440,1,3,3,4,16,41,97,63,14779,85.28,2782,13801
1781660375.440,2,3,3,4,16,58,98,63,14779,93.82,2805,13801
1781660376.438,1,3,3,4,16,41,98,63,14779,85.44,2782,13801
1781660376.438,2,3,3,4,16,58,98,63,14779,93.74,2805,13801
1781660377.438,1,3,3,4,16,41,98,62,14779,85.47,2790,13801
1781660377.438,2,3,3,4,16,58,98,61,14779,93.76,2805,13801
1781660378.436,1,3,3,4,16,41,98,61,14779,85.51,2790,13801
1781660378.436,2,3,3,4,16,58,98,62,14779,94.02,2805,13801
1781660379.443,1,3,3,4,16,40,100,17,14779,78.71,2782,13801
1781660379.443,2,3,3,4,16,57,100,18,14779,86.32,2797,13801
1781660380.438,1,3,3,4,16,41,97,63,14779,73.94,2782,13801
1781660380.438,2,3,3,4,16,59,97,64,14779,84.96,2805,13801
1781660381.439,1,3,3,4,16,41,100,16,14779,77.66,2782,13801
1781660381.439,2,3,3,4,16,58,100,18,14779,84.68,2797,13801
1781660382.442,1,3,3,4,16,40,100,17,14779,69.12,2782,13801
1781660382.442,2,3,3,4,16,57,100,18,14779,76.34,2797,13801
1781660383.440,1,3,3,4,16,41,97,61,14779,73.84,2782,13801
1781660383.440,2,3,3,4,16,58,97,63,14779,83.43,2797,13801
1781660384.438,1,3,3,4,16,41,98,63,14779,69.73,2782,13801
1781660384.438,2,3,3,4,16,58,98,62,14779,77.64,2805,13801
1781660385.441,1,3,3,4,16,41,97,63,14779,85.32,2782,13801
1781660385.441,2,3,3,4,16,58,98,63,14779,93.82,2805,13801
1781660386.440,1,3,3,4,16,41,97,63,14779,85.26,2782,13801
1781660386.440,2,3,3,4,16,58,98,63,14779,93.83,2805,13801
1781660387.443,1,3,3,4,16,41,97,63,14779,85.31,2790,13801
1781660387.443,2,3,3,4,16,58,98,63,14779,93.86,2805,13801
1781660388.438,1,3,3,4,16,41,97,63,14779,85.08,2790,13801
1781660388.438,2,3,3,4,16,58,98,62,14779,93.64,2805,13801
1781660389.438,1,3,3,4,16,41,98,62,14779,85.19,2782,13801
1781660389.438,2,3,3,4,16,58,98,61,14779,93.60,2805,13801
1781660390.438,1,3,3,4,16,41,98,61,14779,85.33,2782,13801
1781660390.438,2,3,3,4,16,58,98,62,14779,93.78,2805,13801
1781660391.439,1,3,3,4,16,41,98,61,14779,85.29,2790,13801
1781660391.439,2,3,3,4,16,58,98,62,14779,94.04,2805,13801
1781660392.442,1,3,3,4,16,42,98,60,14779,85.17,2790,13801
1781660392.442,2,3,3,4,16,58,98,61,14779,93.67,2805,13801
1781660393.443,1,3,3,4,16,41,100,17,14779,83.15,2782,13801
1781660393.443,2,3,3,4,16,57,100,18,14779,90.25,2797,13801
1781660394.438,1,3,3,4,16,41,97,63,14779,70.50,2790,13801
1781660394.438,2,3,3,4,16,58,97,64,14779,79.22,2805,13801
1781660395.439,1,3,3,4,16,41,97,63,14779,85.33,2790,13801
1781660395.439,2,3,3,4,16,58,97,64,14779,94.25,2805,13801
1781660396.440,1,3,3,4,16,41,97,63,14779,85.48,2790,13801
1781660396.440,2,3,3,4,16,58,97,64,14779,94.14,2805,13801
1781660397.442,1,3,3,4,16,41,97,63,14779,85.30,2790,13801
1781660397.442,2,3,3,4,16,58,96,64,14779,93.94,2805,13801
1781660398.440,1,3,3,4,16,41,96,63,14779,85.29,2790,13801
1781660398.440,2,3,3,4,16,58,98,64,14779,93.89,2805,13801
1781660399.438,1,3,3,4,16,41,97,64,14779,84.95,2790,13801
1781660399.438,2,3,3,4,16,58,98,62,14779,93.76,2805,13801
1781660400.439,1,3,3,4,16,41,98,62,14779,85.12,2790,13801
1781660400.439,2,3,3,4,16,58,98,61,14779,93.83,2805,13801
1781660401.442,1,3,3,4,16,41,98,61,14779,85.10,2790,13801
1781660401.442,2,3,3,4,16,58,98,62,14779,94.10,2805,13801
1781660402.439,1,3,3,4,16,40,100,17,14779,75.57,2782,13801
1781660402.439,2,3,3,4,16,59,100,19,14779,83.61,2797,13801
1781660403.446,1,3,3,4,16,40,100,16,14779,73.31,2782,13801
1781660403.446,2,3,3,4,16,58,100,17,14779,81.60,2797,13801
1781660404.446,1,3,3,4,16,40,100,16,14779,62.63,2782,13801
1781660404.446,2,3,3,4,16,58,100,18,14779,70.35,2797,13801
1781660405.441,1,3,3,4,16,41,97,61,14779,76.58,2790,13801
1781660405.441,2,3,3,4,16,58,97,64,14779,86.19,2805,13801
1781660406.440,1,3,3,4,16,41,96,61,14779,84.97,2790,13801
1781660406.440,2,3,3,4,16,58,97,63,14779,93.75,2805,13801
1781660407.440,1,3,3,4,16,41,96,62,14779,84.98,2782,13801
1781660407.440,2,3,3,4,16,58,97,64,14779,93.69,2805,13801
1781660408.438,1,3,3,4,16,40,100,17,14779,78.89,2782,13801
1781660408.438,2,3,3,4,16,58,100,18,14779,86.79,2797,13801
1781660409.439,1,3,3,4,16,41,98,60,14779,73.18,2782,13801
1781660409.439,2,3,3,4,16,58,98,61,14779,83.54,2805,13801
1781660410.442,1,3,3,4,16,41,98,60,14779,85.13,2790,13801
1781660410.442,2,3,3,4,16,58,98,61,14779,93.58,2805,13801
1781660411.444,1,3,3,4,16,42,98,60,14779,85.15,2790,13801
1781660411.444,2,3,3,4,16,58,98,61,14779,93.60,2805,13801
1781660412.437,1,3,3,4,16,41,98,60,14779,84.88,2782,13801
1781660412.437,2,3,3,4,16,58,97,60,14779,93.58,2805,13801
1781660413.438,1,3,3,4,16,41,98,60,14779,85.32,2790,13801
1781660413.438,2,3,3,4,16,58,97,61,14779,93.68,2805,13801
1781660414.441,1,3,3,4,16,41,98,61,14779,85.03,2790,13801
1781660414.441,2,3,3,4,16,58,97,60,14779,93.77,2805,13801
1781660415.440,1,3,3,4,16,41,98,60,14779,84.97,2790,13801
1781660415.440,2,3,3,4,16,58,97,61,14779,93.61,2805,13801
1781660416.442,1,3,3,4,16,41,98,60,14779,84.97,2782,13801
1781660416.442,2,3,3,4,16,58,97,61,14779,93.90,2805,13801
1781660417.442,1,3,3,4,16,40,100,16,14779,75.83,2782,13801
1781660417.442,2,3,3,4,16,57,100,18,14779,82.57,2797,13801
1781660418.441,1,3,3,4,16,41,97,63,14779,76.64,2782,13801
1781660418.441,2,3,3,4,16,59,97,64,14779,85.89,2805,13801
1781660419.443,1,3,3,4,16,41,97,63,14779,85.36,2790,13801
1781660419.443,2,3,3,4,16,59,97,64,14779,93.74,2805,13801
1781660420.442,1,3,3,4,16,41,97,63,14779,85.18,2790,13801
1781660420.442,2,3,3,4,16,58,97,64,14779,93.68,2805,13801
1781660421.445,1,3,3,4,16,41,97,63,14779,85.36,2782,13801
1781660421.445,2,3,3,4,16,58,97,64,14779,93.97,2805,13801
1781660422.442,1,3,3,4,16,41,97,63,14779,85.21,2782,13801
1781660422.442,2,3,3,4,16,58,97,64,14779,93.99,2805,13801
1781660423.443,1,3,3,4,16,41,97,63,14779,85.37,2782,13801
1781660423.443,2,3,3,4,16,58,98,64,14779,93.60,2797,13801
1781660424.441,1,3,3,4,16,40,97,59,14779,69.56,2782,13801
1781660424.441,2,3,3,4,16,58,97,63,14779,75.75,2805,13801
1781660425.441,1,3,3,4,16,41,97,59,14779,85.13,2790,13801
1781660425.441,2,3,3,4,16,58,97,63,14779,93.85,2805,13801
1781660426.441,1,3,3,4,16,41,97,59,14779,85.33,2782,13801
1781660426.441,2,3,3,4,16,58,97,63,14779,94.00,2805,13801
1781660427.443,1,3,3,4,16,41,97,59,14779,85.13,2782,13801
1781660427.443,2,3,3,4,16,58,97,63,14779,93.92,2805,13801
1781660428.443,1,3,3,4,16,41,97,59,14779,85.21,2782,13801
1781660428.443,2,3,3,4,16,59,97,63,14779,93.87,2805,13801
1781660429.442,1,3,3,4,16,41,97,59,14779,85.26,2782,13801
1781660429.442,2,3,3,4,16,59,97,63,14779,93.86,2805,13801
1781660430.441,1,3,3,4,16,41,97,60,14779,85.33,2782,13801
1781660430.441,2,3,3,4,16,59,97,63,14779,93.89,2805,13801
1781660431.444,1,3,3,4,16,41,97,60,14779,85.32,2782,13801
1781660431.444,2,3,3,4,16,59,97,64,14779,93.96,2805,13801
1781660432.443,1,3,3,4,16,41,96,54,14779,68.48,2790,13801
1781660432.443,2,3,3,4,16,58,97,63,14779,76.13,2805,13801
1781660433.438,1,3,3,4,16,41,98,63,14779,85.45,2790,13801
1781660433.438,2,3,3,4,16,58,98,62,14779,93.45,2805,13801
1781660434.443,1,3,3,4,16,41,98,62,14779,85.28,2782,13801
1781660434.443,2,3,3,4,16,58,98,62,14779,93.71,2805,13801
1781660435.441,1,3,3,4,16,41,98,62,14779,85.21,2782,13801
1781660435.441,2,3,3,4,16,58,98,61,14779,93.67,2805,13801
1781660436.444,1,3,3,4,16,41,100,17,14779,78.40,2782,13801
1781660436.444,2,3,3,4,16,57,100,18,14779,85.27,2797,13801
1781660437.439,1,3,3,4,16,41,97,61,14779,75.06,2790,13801
1781660437.439,2,3,3,4,16,58,97,63,14779,83.29,2805,13801
1781660438.445,1,3,3,4,16,41,97,62,14779,85.22,2782,13801
1781660438.445,2,3,3,4,16,59,97,64,14779,93.82,2805,13801
1781660439.443,1,3,3,4,16,40,100,17,14779,70.08,2782,13801
1781660439.443,2,3,3,4,16,57,100,17,14779,76.43,2797,13801
1781660440.443,1,3,3,4,16,41,98,61,14779,81.21,2782,13801
1781660440.443,2,3,3,4,16,58,98,62,14779,90.64,2805,13801
1781660441.447,1,3,3,4,16,41,98,61,14779,85.20,2782,13801
1781660441.447,2,3,3,4,16,58,98,62,14779,93.69,2805,13801
1781660442.445,1,3,3,4,16,41,98,61,14779,85.13,2790,13801
1781660442.445,2,3,3,4,16,58,98,62,14779,93.36,2805,13801
1781660443.445,1,3,3,4,16,41,98,61,14779,85.19,2782,13801
1781660443.445,2,3,3,4,16,58,98,62,14779,93.62,2805,13801
1781660444.446,1,3,3,4,16,41,98,61,14779,85.16,2782,13801
1781660444.446,2,3,3,4,16,58,98,61,14779,93.52,2805,13801
1781660445.440,1,3,3,4,16,41,98,60,14779,85.13,2782,13801
1781660445.440,2,3,3,4,16,58,98,61,14779,93.21,2805,13801
1781660446.440,1,3,3,4,16,42,98,60,14779,85.12,2790,13801
1781660446.440,2,3,3,4,16,58,98,61,14779,93.33,2805,13801
1781660447.441,1,3,3,4,16,41,98,61,14779,85.07,2790,13801
1781660447.441,2,3,3,4,16,58,97,60,14779,93.57,2805,13801
1781660448.440,1,3,3,4,16,41,98,60,14779,85.11,2782,13801
1781660448.440,2,3,3,4,16,58,97,61,14779,93.38,2805,13801
1781660449.442,1,3,3,4,16,41,98,60,14779,85.29,2790,13801
1781660449.442,2,3,3,4,16,58,97,62,14779,93.65,2805,13801
1781660450.442,1,3,3,4,16,40,100,16,14779,69.84,2782,13801
1781660450.442,2,3,3,4,16,60,100,18,14779,76.07,2797,13801
1781660451.442,1,3,3,4,16,41,100,16,14779,71.92,2782,13801
1781660451.442,2,3,3,4,16,58,100,18,14779,78.83,2797,13801
1781660452.443,1,3,3,4,16,41,98,61,14779,78.52,2790,13801
1781660452.443,2,3,3,4,16,58,98,61,14779,88.03,2805,13801
1781660453.443,1,3,3,4,16,41,98,60,14779,85.07,2790,13801
1781660453.443,2,3,3,4,16,58,98,61,14779,93.48,2805,13801
1781660454.440,1,3,3,4,16,42,98,60,14779,84.91,2790,13801
1781660454.440,2,3,3,4,16,58,98,61,14779,93.21,2805,13801
1781660455.445,1,3,3,4,16,41,98,61,14779,85.25,2790,13801
1781660455.445,2,3,3,4,16,58,97,61,14779,93.62,2805,13801
1781660456.441,1,3,3,4,16,41,97,64,14779,86.93,2790,13801
1781660456.441,2,3,3,4,16,58,97,65,14779,95.45,2805,13801
1781660457.441,1,3,3,4,16,41,97,66,14779,87.94,2790,13801
1781660457.441,2,3,3,4,16,58,96,68,14779,96.42,2805,13801
1781660458.442,1,3,3,4,16,41,97,66,14779,88.00,2790,13801
1781660458.442,2,3,3,4,16,59,97,68,14779,96.51,2805,13801
1781660459.444,1,3,3,4,16,41,97,67,14779,88.15,2790,13801
1781660459.444,2,3,3,4,16,58,97,68,14779,96.86,2805,13801
1781660460.443,1,3,3,4,16,41,98,67,14779,87.97,2790,13801
1781660460.443,2,3,3,4,16,58,98,67,14779,96.60,2805,13801
1781660461.443,1,3,3,4,16,41,97,65,14779,88.05,2790,13801
1781660461.443,2,3,3,4,16,59,97,67,14779,96.54,2805,13801
1781660462.444,1,3,3,4,16,41,96,66,14779,88.14,2790,13801
1781660462.444,2,3,3,4,16,59,97,67,14779,96.67,2805,13801
1781660463.445,1,3,3,4,16,41,96,67,14779,88.20,2790,13801
1781660463.445,2,3,3,4,16,59,97,68,14779,96.81,2805,13801
1781660464.440,1,3,3,4,16,41,97,66,14779,87.98,2790,13801
1781660464.440,2,3,3,4,16,59,96,67,14779,96.44,2805,13801
1781660465.441,1,3,3,4,16,41,97,66,14779,87.42,2790,13801
1781660465.441,2,3,3,4,16,59,97,68,14779,95.61,2805,13801
1781660466.440,1,3,3,4,16,41,96,71,14779,87.79,2790,13801
1781660466.440,2,3,3,4,16,59,96,73,14779,96.46,2812,13801
